draw,profit_gbp
0,-293.4915
1,-19.1375
2,-118.0123
3,-666.2907
4,170.5984
5,-375.5439
6,393.9547
7,516.9477
8,-285.0383
9,125.7324
10,135.1783
11,-449.981
12,408.0039
13,-480.2582
14,-917.3045
15,-420.3302
16,-494.7468
17,611.8193
18,-462.0608
19,-230.0214
20,-141.7615
21,-505.2295
22,-1008.1688
23,-524.5313
24,-705.3731
25,36.1566
26,-32.6426
27,-788.2513
28,988.1275
29,-466.924
30,97.9115
31,77.6253
32,-336.7301
33,682.5243
34,-166.1487
35,-31.9357
36,-364.2068
37,-162.8806
38,-494.4873
39,-1149.8191
40,-900.4999
41,-626.2148
42,23.9619
43,-1038.0854
44,-168.7501
45,-199.4509
46,-455.0939
47,1178.9175
48,951.3113
49,300.507
50,-117.18
51,285.7939
52,-652.7079
53,-538.5827
54,339.3086
55,-18.593
56,-378.1568
57,-130.8929
58,35.0395
59,204.1433
60,-555.6228
61,-473.224
62,100.4691
63,-568.2655
64,-58.2555
65,-761.2919
66,-412.1103
67,-404.5753
68,-125.6988
69,-973.4425
70,-549.1205
71,205.2862
72,-92.586
73,-667.785
74,-309.1371
75,-393.3044
76,644.3529
77,-88.6666
78,-537.274
79,-125.5691
80,-1235.8067
81,37.5893
82,-850.2183
83,135.768
84,-179.2079
85,-859.5571
86,147.7202
87,-317.7521
88,320.8674
89,-292.4553
90,-210.5453
91,-231.6523
92,-441.1744
93,26.9885
94,142.0605
95,779.1557
96,-95.1951
97,74.226
98,54.6678
99,-545.0675
100,124.3646
101,153.7076
102,295.7123
103,-3.9988
104,-409.5891
105,-728.4537
106,-1040.676
107,-297.0944
108,-66.77
109,-455.0363
110,621.095
111,-358.7311
112,-665.9402
113,-632.5165
114,6.4539
115,123.1862
116,251.9511
117,-788.1011
118,-440.3405
119,-583.1648
120,-265.3682
121,-602.9411
122,-901.863
123,-792.2008
124,286.0124
125,-130.0627
126,-23.7135
127,-247.1933
128,-369.362
129,-445.363
130,-443.6119
131,332.2257
132,-144.6331
133,-648.9979
134,-331.8731
135,129.6679
136,-391.571
137,-233.4059
138,714.7113
139,-212.7846
140,-260.5473
141,138.5014
142,-119.253
143,-525.3353
144,-51.4444
145,-164.6956
146,-337.6493
147,-264.1357
148,-782.1507
149,416.4033
150,-331.4324
151,-697.1299
152,-472.5506
153,-64.0078
154,-673.7209
155,-70.918
156,-444.485
157,-352.0363
158,-1069.8422
159,-403.7581
160,86.7295
161,-865.362
162,-487.0911
163,-353.4611
164,-232.0092
165,-318.784
166,-68.0663
167,-804.6242
168,-228.9341
169,-251.4029
170,-45.1242
171,-677.5463
172,-620.4247
173,-716.7015
174,-829.2628
175,-152.1793
176,-287.0616
177,-586.982
178,-1013.2398
179,-217.9754
180,-532.1915
181,-515.8662
182,-554.0127
183,-572.8351
184,-740.5503
185,-181.9971
186,-454.6112
187,61.8074
188,-480.1217
189,-702.6335
190,-345.5505
191,-377.9534
192,867.9799
193,-482.16
194,-823.9932
195,-5.2175
196,632.4391
197,409.7946
198,-700.6311
199,-386.2037
200,-229.8249
201,-67.9905
202,58.8824
203,285.9865
204,-284.274
205,118.704
206,-405.4007
207,-61.307
208,102.8579
209,377.1717
210,60.3045
211,-915.0908
212,-111.8473
213,-548.2933
214,-340.4405
215,641.1903
216,-780.3803
217,-396.0635
218,-451.8785
219,-663.9641
220,-74.9511
221,-554.1404
222,-268.2571
223,70.9026
224,-61.729
225,217.1875
226,-674.698
227,-501.5446
228,-353.7563
229,-130.794
230,-131.4993
231,-468.6847
232,921.4769
233,-506.1253
234,-296.2993
235,772.0142
236,-434.3615
237,-1061.3026
238,23.4714
239,9.0546
240,-384.5572
241,-127.2536
242,43.8134
243,-251.0167
244,286.7947
245,64.8018
246,-414.9315
247,-762.9276
248,-346.7126
249,-102.3046
250,-737.2679
251,-254.8338
252,-601.0408
253,-581.9756
254,-95.9098
255,-467.9442
256,-354.3555
257,-110.5277
258,-713.3964
259,101.3491
260,-778.7882
261,-204.4921
262,-491.2685
263,-490.4999
264,-725.5531
265,-689.4013
266,-154.9812
267,-26.7227
268,-368.8352
269,-343.448
270,-682.7318
271,-171.0297
272,-409.1595
273,-49.4541
274,-424.631
275,-638.5659
276,-253.2998
277,-1165.2732
278,-460.3483
279,264.6754
280,-413.0624
281,177.0285
282,-395.1034
283,284.8054
284,-109.4364
285,-48.1075
286,-747.0546
287,-362.1829
288,-380.8638
289,-37.0925
290,-487.9436
291,-366.7566
292,-361.5633
293,175.2545
294,-466.7722
295,199.6514
296,154.8673
297,-458.8224
298,-381.6976
299,-729.3622
300,-651.8384
301,548.6316
302,106.0002
303,-418.1978
304,-592.2097
305,-189.0921
306,-277.2677
307,-706.5156
308,-252.4823
309,-375.5309
310,-813.5596
311,-631.6776
312,-230.9854
313,-112.9697
314,-386.6716
315,138.6676
316,-528.5953
317,-467.2325
318,-192.1856
319,124.1715
320,528.347
321,-899.865
322,72.9376
323,496.7857
324,-2.0372
325,61.675
326,109.6051
327,-312.2695
328,-424.69
329,-767.215
330,-784.3879
331,-940.8262
332,-609.9603
333,-293.325
334,-793.2085
335,-658.8955
336,155.3805
337,188.3147
338,616.871
339,-725.8881
340,-472.6136
341,-367.7843
342,-358.6565
343,-496.6897
344,-114.5888
345,-605.494
346,11.1604
347,-86.8126
348,-697.7531
349,9.0313
350,-118.3014
351,-364.774
352,-433.105
353,-104.9963
354,439.5393
355,49.1523
356,143.5758
357,-182.7651
358,-715.6367
359,-112.0529
360,-795.2084
361,-878.9111
362,-308.1964
363,-485.517
364,-67.4729
365,-163.787
366,471.5978
367,251.4062
368,-478.1267
369,-215.3214
370,128.4039
371,-700.7013
372,44.4564
373,-1102.7148
374,-344.3596
375,-544.1507
376,-297.2255
377,-488.7924
378,-110.7177
379,-210.8857
380,-573.806
381,-304.7184
382,-764.6747
383,20.4282
384,-438.5443
385,-406.2079
386,502.7951
387,-287.7794
388,-793.8521
389,-471.5522
390,-51.0631
391,-32.4561
392,-628.6649
393,-1151.6276
394,-500.3845
395,-469.4904
396,251.6606
397,-576.2472
398,244.6767
399,-231.2675
400,-1299.0311
401,-393.2596
402,412.8912
403,-55.2005
404,7.6932
405,-671.0606
406,-5.7659
407,-994.8143
408,-216.4066
409,75.8442
410,-372.6552
411,-265.4819
412,-753.7062
413,-739.6214
414,-338.9702
415,73.8222
416,-304.6934
417,-626.4082
418,-352.056
419,293.7745
420,-603.0972
421,-251.5666
422,-250.2843
423,-640.1293
424,312.2271
425,-794.4942
426,-177.9468
427,-233.9302
428,-148.6911
429,440.5133
430,39.9759
431,-601.7419
432,-587.4244
433,409.4889
434,-293.1138
435,-573.2848
436,127.3922
437,-593.298
438,158.1523
439,45.3788
440,-22.9406
441,-366.7493
442,-273.9219
443,170.7616
444,320.0684
445,-1073.3742
446,-256.0798
447,40.1791
448,149.5258
449,-365.6767
450,-703.3925
451,-70.3887
452,-279.0728
453,918.2734
454,-120.5175
455,-567.6091
456,-238.5638
457,137.1562
458,-14.0722
459,-925.1665
460,-628.7537
461,-243.4514
462,-116.4795
463,-615.8323
464,662.8046
465,-70.5353
466,-555.0225
467,517.5777
468,-430.7641
469,-220.3895
470,-377.1373
471,-441.9086
472,56.1407
473,-100.4041
474,-237.2395
475,-144.7988
476,-630.5205
477,-347.0544
478,187.1105
479,-111.3766
480,275.6788
481,29.2172
482,-88.2919
483,-208.3956
484,615.7093
485,-373.3002
486,-328.0874
487,-821.6391
488,-190.7788
489,-925.019
490,-877.003
491,1200.8821
492,-706.4688
493,-640.0045
494,-502.6178
495,421.8469
496,-339.1643
497,203.8252
498,-631.6221
499,-284.3007
500,406.5081
501,-198.277
502,206.2296
503,-176.9633
504,-375.3881
505,298.0255
506,363.1931
507,-339.9084
508,98.6763
509,-329.6408
510,-749.2941
511,-174.6909
512,-472.9561
513,-191.5338
514,466.9235
515,-15.832
516,-431.7413
517,-539.5396
518,80.44
519,109.5853
520,-7.3823
521,139.9746
522,360.3617
523,-961.0901
524,-1223.0492
525,537.1174
526,-9.0362
527,-582.1483
528,-111.7794
529,-5.3606
530,650.8199
531,179.4929
532,-368.1764
533,-357.5122
534,536.6698
535,-575.4829
536,-238.2891
537,-270.6887
538,-97.8666
539,130.1343
540,4.6276
541,-474.0961
542,85.0746
543,-747.4587
544,594.1622
545,-90.2975
546,-133.6103
547,-138.3709
548,-541.2386
549,308.7838
550,-374.5885
551,-822.7234
552,439.9896
553,80.1209
554,-681.502
555,353.5597
556,-108.2693
557,-294.0396
558,402.295
559,247.4644
560,-61.3169
561,113.1258
562,-166.7117
563,-85.8383
564,340.0216
565,-411.2416
566,-105.2985
567,425.0149
568,-199.3007
569,-316.2695
570,-412.933
571,127.2939
572,-250.7986
573,292.0575
574,-280.9508
575,-12.6119
576,-329.4134
577,-665.4837
578,-247.3254
579,247.6681
580,-495.1897
581,156.4428
582,-93.9449
583,-284.0615
584,-361.4853
585,309.5227
586,192.0903
587,-532.9232
588,-1123.4623
589,145.0256
590,70.4209
591,-156.0498
592,-276.9485
593,-913.22
594,-322.2945
595,-331.2262
596,262.0179
597,-213.7231
598,1322.3633
599,-168.7409
600,-349.5363
601,-480.0096
602,-254.6876
603,39.5371
604,-382.7023
605,-474.9564
606,-576.8355
607,345.1841
608,-597.6382
609,-437.8832
610,-353.8726
611,66.4746
612,-281.6698
613,113.1594
614,-204.0225
615,-496.0061
616,-139.7352
617,-336.7002
618,-63.6656
619,-858.8438
620,-530.218
621,-103.2774
622,-317.7389
623,-601.1675
624,20.7058
625,-952.2034
626,-578.2441
627,245.8247
628,87.6877
629,-99.2391
630,266.4021
631,-19.1564
632,124.8099
633,-8.9572
634,-96.3112
635,-205.3343
636,-948.1468
637,-484.6607
638,-131.1062
639,-903.0419
640,-273.5439
641,-605.502
642,-28.6226
643,-577.5754
644,126.982
645,-650.9299
646,-34.2074
647,-551.8047
648,257.3099
649,-79.8706
650,-243.0708
651,421.4918
652,-582.5918
653,-265.4198
654,9.0747
655,-489.8305
656,-277.0513
657,-330.9028
658,105.8413
659,859.9768
660,856.2053
661,-12.5738
662,602.671
663,298.0422
664,584.81
665,-380.3705
666,480.3769
667,41.8442
668,350.1854
669,-1052.9093
670,-515.295
671,-199.3726
672,1054.4626
673,206.4267
674,-565.1516
675,-293.0999
676,-723.3053
677,-1205.6894
678,-781.1622
679,-903.3429
680,-570.8314
681,-19.0156
682,144.5443
683,-69.3481
684,-481.8384
685,-466.1271
686,202.1717
687,-622.1928
688,26.2254
689,-181.4338
690,-614.7252
691,-121.105
692,-352.0904
693,-503.3525
694,-612.323
695,-962.6126
696,-376.1374
697,-659.0699
698,205.2102
699,41.1054
700,-227.477
701,-183.497
702,-218.6565
703,-160.5205
704,117.6719
705,-79.5492
706,-149.134
707,210.5664
708,-114.3432
709,-1035.4068
710,-954.2223
711,-217.6732
712,-93.3156
713,-713.801
714,-722.5669
715,-1214.1963
716,-876.4451
717,347.2848
718,462.3322
719,-189.9599
720,-80.5287
721,313.9929
722,-442.8449
723,-235.7139
724,-317.5729
725,9.1657
726,-328.689
727,-671.2593
728,-142.3826
729,-227.732
730,-469.0785
731,351.6968
732,-719.1174
733,-457.4903
734,-545.9195
735,-224.2932
736,652.1492
737,-508.3677
738,517.3556
739,345.1859
740,-361.952
741,152.7577
742,-717.7636
743,73.9067
744,-518.3191
745,-155.4621
746,324.8088
747,-403.059
748,65.0203
749,-738.6698
750,-277.0158
751,-53.7288
752,-139.8015
753,26.6214
754,-707.3264
755,-470.2346
756,-361.8337
757,276.179
758,-237.678
759,-591.2234
760,29.1584
761,-938.389
762,105.8747
763,-641.4096
764,-85.7991
765,-171.9431
766,-178.3602
767,68.0265
768,-130.6089
769,404.7989
770,-76.5639
771,-47.8716
772,-221.5659
773,18.9513
774,-172.5607
775,-720.0331
776,151.2088
777,88.6679
778,-328.377
779,-585.5678
780,-313.5379
781,-297.1259
782,516.5585
783,527.5995
784,-905.2941
785,680.2649
786,-694.6713
787,54.8236
788,74.4196
789,-135.069
790,366.8424
791,398.2125
792,203.1569
793,-551.5123
794,503.516
795,132.8538
796,-893.2904
797,-17.3253
798,-482.8391
799,-57.5833
800,-218.4059
801,-202.1234
802,27.072
803,-518.9301
804,-189.7682
805,214.3713
806,-432.547
807,-143.7776
808,81.6978
809,-630.8011
810,-451.9195
811,-763.8833
812,-12.627
813,-95.9554
814,-984.2685
815,1205.5395
816,238.7316
817,322.872
818,-194.0509
819,-715.8953
820,-311.6655
821,-965.2229
822,-723.2484
823,-303.3428
824,-311.4128
825,-345.354
826,-466.1386
827,-557.1443
828,-158.9014
829,59.8158
830,-284.8438
831,778.5749
832,-19.9408
833,109.5145
834,-656.6716
835,-348.5987
836,-131.1353
837,183.3302
838,274.0083
839,-294.9577
840,-42.4304
841,-98.9479
842,163.4381
843,-299.9526
844,-155.6704
845,462.3015
846,-808.1719
847,-787.2082
848,296.8732
849,-294.2223
850,188.1455
851,-330.8848
852,-492.518
853,260.7656
854,-716.5099
855,-434.394
856,-572.7959
857,117.268
858,-93.9277
859,-498.2412
860,-455.4082
861,-313.2021
862,-234.9958
863,-228.542
864,-570.4178
865,640.6529
866,-34.9823
867,-435.8623
868,-757.5085
869,-645.2809
870,-240.0201
871,-53.4508
872,-202.7191
873,-500.9461
874,-174.8464
875,-594.7454
876,-316.8909
877,40.2128
878,-847.015
879,-512.3832
880,217.7933
881,-165.4732
882,293.2611
883,-1335.8305
884,-404.7027
885,-352.1205
886,-876.4078
887,-1191.5311
888,7.191
889,-263.3178
890,193.0965
891,60.0208
892,-177.9606
893,835.8478
894,-149.1097
895,-70.5079
896,1146.7882
897,-373.7941
898,115.0706
899,675.8
900,310.8964
901,-956.5801
902,-364.5226
903,-226.7912
904,434.6147
905,35.5287
906,-270.844
907,-249.3219
908,220.1304
909,-161.4487
910,151.9372
911,-343.0042
912,-684.0068
913,329.5702
914,-589.9256
915,-366.1765
916,-383.1625
917,0.9417
918,-9.8714
919,-178.0187
920,-362.049
921,5.2954
922,-611.3928
923,-434.9811
924,-282.3276
925,-5.5899
926,-1111.9219
927,358.0203
928,-990.2568
929,-371.8608
930,107.0148
931,-39.6682
932,-89.6085
933,-793.2475
934,-468.6043
935,-243.5904
936,67.5368
937,323.7495
938,-151.2737
939,-901.024
940,22.4351
941,-562.5929
942,239.6503
943,178.183
944,-579.3147
945,13.5846
946,1082.5726
947,-381.4167
948,-65.5451
949,221.7111
950,81.9966
951,-780.1586
952,605.1876
953,-642.8294
954,17.7422
955,-324.4128
956,-409.922
957,314.5515
958,-374.7805
959,-236.8296
960,-625.4044
961,-293.2264
962,-19.3637
963,-425.695
964,-1176.6033
965,-622.8937
966,-492.5418
967,-181.4958
968,-499.3453
969,-254.3927
970,719.9613
971,-614.0396
972,190.5385
973,-689.8502
974,-69.1564
975,-330.2021
976,-301.9835
977,-235.2557
978,415.8323
979,-344.8775
980,-600.1024
981,-148.2653
982,34.2781
983,-686.8077
984,498.704
985,-782.1247
986,-255.032
987,-115.2941
988,-393.6101
989,154.126
990,-148.6233
991,188.8426
992,91.0586
993,-67.1407
994,-267.0263
995,-540.3258
996,65.1385
997,-457.7628
998,-550.0624
999,81.7935
1000,-1008.0753
1001,511.073
1002,395.7508
1003,-462.415
1004,163.4849
1005,203.9074
1006,-27.3394
1007,-163.4861
1008,65.1467
1009,-237.5251
1010,-293.4551
1011,1163.4151
1012,354.4337
1013,117.8079
1014,-109.6536
1015,-701.0134
1016,-39.2353
1017,26.4005
1018,-580.5528
1019,-144.8665
1020,-141.5308
1021,-67.922
1022,-527.0126
1023,-53.7221
1024,-489.2233
1025,409.0236
1026,131.6883
1027,-567.7615
1028,258.7229
1029,-350.3251
1030,317.4068
1031,-128.5758
1032,-660.2386
1033,285.4101
1034,-216.0521
1035,-913.5488
1036,343.7832
1037,-579.4312
1038,151.4788
1039,-514.9529
1040,-412.6254
1041,34.2956
1042,-633.1103
1043,-486.8748
1044,-315.5384
1045,-120.53
1046,61.7862
1047,-172.5901
1048,-122.4028
1049,-350.3827
1050,-426.7588
1051,71.6918
1052,820.1426
1053,-415.4508
1054,-686.0181
1055,523.4056
1056,-564.528
1057,-634.922
1058,-385.9754
1059,-470.9502
1060,-293.8807
1061,-585.7259
1062,-131.7352
1063,247.7945
1064,314.4736
1065,-524.8424
1066,-855.2084
1067,-192.0783
1068,-632.5393
1069,-773.2007
1070,-523.8039
1071,70.8871
1072,-1384.8536
1073,-745.5388
1074,-434.71
1075,-518.2008
1076,-263.3163
1077,-327.9728
1078,-451.9123
1079,-307.8453
1080,-655.8655
1081,-534.5286
1082,-211.1734
1083,220.4669
1084,-263.852
1085,-1309.2864
1086,192.8251
1087,137.612
1088,-878.7399
1089,-365.5815
1090,-314.19
1091,-451.3843
1092,-517.1024
1093,477.1882
1094,-192.0603
1095,-725.1411
1096,-380.5009
1097,424.3514
1098,-102.8672
1099,87.5189
1100,-303.0611
1101,172.4505
1102,-388.2809
1103,-298.7649
1104,215.9207
1105,-413.0627
1106,143.7598
1107,168.5059
1108,-566.5854
1109,126.0642
1110,-172.323
1111,192.6421
1112,-1066.128
1113,183.7708
1114,-277.2482
1115,429.7246
1116,-154.4941
1117,-432.9241
1118,-1180.7318
1119,-757.9893
1120,-95.1733
1121,-278.1789
1122,286.3056
1123,-49.6824
1124,-602.6524
1125,-628.4595
1126,-927.1073
1127,-400.7586
1128,-868.3741
1129,-439.948
1130,-178.1323
1131,-535.4415
1132,-518.2618
1133,-84.8183
1134,-498.4536
1135,-293.5734
1136,53.4778
1137,-522.7714
1138,-1005.8056
1139,282.6136
1140,-708.9261
1141,46.3801
1142,-697.2074
1143,-761.9574
1144,187.5663
1145,-30.1196
1146,-991.839
1147,-328.1381
1148,-485.4947
1149,-401.9119
1150,-372.6344
1151,-374.3358
1152,-478.4824
1153,-546.9798
1154,255.3343
1155,229.2571
1156,-160.7031
1157,-159.9965
1158,-375.2263
1159,54.2184
1160,-484.6526
1161,-674.7972
1162,-819.3915
1163,275.4359
1164,-701.2094
1165,-454.1536
1166,-750.2336
1167,-672.8219
1168,-445.9165
1169,-620.1262
1170,-699.6893
1171,-547.6878
1172,-491.779
1173,217.641
1174,-294.7079
1175,-394.1077
1176,-272.4848
1177,-459.4034
1178,-274.1802
1179,-1212.801
1180,-377.7819
1181,-786.4576
1182,126.2167
1183,-667.0014
1184,-594.1328
1185,551.2897
1186,11.8547
1187,-184.6765
1188,-441.1633
1189,-601.3652
1190,-629.504
1191,-594.2114
1192,-638.5155
1193,-142.9012
1194,271.2014
1195,48.4927
1196,120.701
1197,-21.3232
1198,-25.907
1199,-463.6869
1200,-394.8715
1201,-820.2025
1202,-115.3398
1203,13.956
1204,-884.7306
1205,-594.829
1206,-525.894
1207,-723.4438
1208,-430.9069
1209,-63.2732
1210,-104.1879
1211,-253.5368
1212,-572.6044
1213,166.616
1214,-301.8802
1215,-187.8891
1216,-728.3879
1217,-721.711
1218,-1145.9631
1219,-153.6404
1220,-134.244
1221,355.8632
1222,-540.4859
1223,-650.2774
1224,-319.539
1225,-423.5825
1226,-845.5653
1227,-273.4753
1228,-609.1276
1229,-620.2146
1230,-817.4776
1231,-340.8279
1232,-680.8845
1233,-86.1189
1234,167.164
1235,-438.9107
1236,-517.449
1237,-132.389
1238,-93.1569
1239,6.5318
1240,346.4288
1241,-203.8181
1242,67.3123
1243,-6.0503
1244,-299.1347
1245,-964.0085
1246,-580.4746
1247,-206.4599
1248,-237.4031
1249,-792.6833
1250,539.404
1251,550.5953
1252,601.7043
1253,-814.5215
1254,21.9617
1255,51.0842
1256,-410.1875
1257,656.073
1258,-1381.3198
1259,-397.7534
1260,-529.6086
1261,-919.0018
1262,-489.8569
1263,-469.6239
1264,-203.9797
1265,-297.4468
1266,465.86
1267,533.0071
1268,-391.9284
1269,-697.0927
1270,-1155.7074
1271,-599.4537
1272,-317.4504
1273,-336.1921
1274,-762.2102
1275,-278.4801
1276,-213.9921
1277,-883.3436
1278,-240.7014
1279,-387.3028
1280,-94.8152
1281,-381.8157
1282,-113.1238
1283,-65.9864
1284,-353.5863
1285,278.7031
1286,1352.2683
1287,-410.8137
1288,-484.5761
1289,179.8695
1290,168.8526
1291,-405.9265
1292,-456.543
1293,32.4134
1294,-155.8297
1295,-963.5618
1296,-24.692
1297,-580.0199
1298,-597.9335
1299,-757.8944
1300,-638.2848
1301,-847.3497
1302,-278.4793
1303,-345.9448
1304,-821.3856
1305,23.2032
1306,-523.8066
1307,-189.307
1308,-877.6887
1309,-652.5652
1310,-714.0944
1311,376.5513
1312,-70.0023
1313,-50.9932
1314,104.2549
1315,-287.7269
1316,-640.9765
1317,-586.6512
1318,-93.2006
1319,-328.0681
1320,339.0287
1321,-641.1607
1322,301.7963
1323,-619.3856
1324,-1075.894
1325,-784.9403
1326,-1192.4574
1327,369.9712
1328,-579.0051
1329,-64.8842
1330,10.8135
1331,-588.8711
1332,448.0337
1333,182.1044
1334,-625.602
1335,-289.6345
1336,-734.1553
1337,-196.9361
1338,193.6176
1339,-42.9242
1340,-13.1601
1341,-54.2834
1342,371.7811
1343,-676.4101
1344,-1220.3756
1345,-178.106
1346,91.1136
1347,7.0344
1348,-497.3557
1349,114.6588
1350,-305.5745
1351,-308.054
1352,-244.1993
1353,-14.2622
1354,222.4208
1355,188.6968
1356,562.7818
1357,221.4286
1358,-349.2377
1359,-493.8571
1360,-186.6504
1361,-255.7516
1362,-607.8679
1363,-53.0
1364,-283.0215
1365,331.3966
1366,-199.0346
1367,-287.2589
1368,555.7023
1369,-108.0243
1370,-247.8765
1371,-351.2184
1372,-568.7456
1373,-561.0331
1374,-538.713
1375,-731.6774
1376,420.6684
1377,-48.5382
1378,-221.1045
1379,-103.3243
1380,200.7413
1381,-380.5934
1382,109.2707
1383,-107.124
1384,-25.4004
1385,335.9526
1386,-33.581
1387,-625.9862
1388,-150.3078
1389,-508.016
1390,-572.9333
1391,-93.3524
1392,-157.6391
1393,1.104
1394,-0.4008
1395,-66.6877
1396,-386.9648
1397,29.2044
1398,-1418.2666
1399,-248.9093
1400,-577.5705
1401,-226.4842
1402,-375.8589
1403,-91.7008
1404,-546.9237
1405,-21.0339
1406,-205.5615
1407,-749.5824
1408,-432.7218
1409,-322.8289
1410,-781.455
1411,-164.3441
1412,299.7886
1413,-198.6094
1414,-27.1179
1415,33.4624
1416,-423.7789
1417,-357.9746
1418,-579.0219
1419,-1167.4788
1420,80.8323
1421,-509.8939
1422,-734.9029
1423,-211.2742
1424,-598.678
1425,-557.474
1426,-581.4619
1427,-241.1405
1428,73.6501
1429,-293.3026
1430,-242.3935
1431,-45.4507
1432,-33.3131
1433,102.6914
1434,408.4321
1435,-240.8815
1436,408.4981
1437,-637.9324
1438,165.7569
1439,-261.062
1440,-960.3117
1441,-278.8915
1442,-387.6085
1443,-345.821
1444,-379.0547
1445,-617.5178
1446,-472.1295
1447,-265.6728
1448,-912.0473
1449,-34.8473
1450,264.7771
1451,-389.0545
1452,-361.7676
1453,450.8485
1454,222.4317
1455,-2.1195
1456,647.2192
1457,-452.8862
1458,-818.1856
1459,-315.8162
1460,-114.3764
1461,-147.9195
1462,-680.7784
1463,-452.9318
1464,-601.4299
1465,163.3884
1466,-658.5381
1467,-234.1501
1468,-922.5538
1469,-335.1596
1470,617.895
1471,-584.063
1472,-534.1008
1473,-15.6339
1474,-486.6495
1475,-759.1481
1476,440.4939
1477,-596.6402
1478,-480.5677
1479,-88.5361
1480,313.2568
1481,-262.8345
1482,-597.9091
1483,141.2088
1484,324.5523
1485,-330.2293
1486,-19.937
1487,-123.7067
1488,-589.9858
1489,-65.1155
1490,-190.2855
1491,-292.4149
1492,-242.1145
1493,-731.9584
1494,843.9911
1495,-938.9842
1496,526.9449
1497,-331.8446
1498,-219.5997
1499,-259.939
1500,137.9677
1501,-286.4722
1502,-404.3499
1503,-440.9262
1504,-228.7148
1505,-226.6792
1506,625.3395
1507,-265.9993
1508,-849.5558
1509,-666.2096
1510,-0.4028
1511,-496.1694
1512,392.9767
1513,-230.4907
1514,-792.3691
1515,-169.1406
1516,-136.7651
1517,-454.8073
1518,-765.6803
1519,-425.3967
1520,-868.4725
1521,-986.3718
1522,-32.8788
1523,-59.2019
1524,-456.2064
1525,4.7153
1526,-234.1423
1527,-605.5371
1528,89.0654
1529,-302.5541
1530,312.2406
1531,663.4033
1532,-304.757
1533,335.4735
1534,-602.766
1535,-472.1896
1536,408.3416
1537,-63.7175
1538,-839.337
1539,-735.2458
1540,589.9457
1541,-215.6586
1542,-544.4183
1543,-317.7283
1544,60.2356
1545,-842.4119
1546,-985.2409
1547,-505.1357
1548,-516.7659
1549,414.9159
1550,200.8006
1551,51.0788
1552,-678.5227
1553,-1057.1614
1554,-297.4074
1555,-219.8297
1556,11.8506
1557,-225.9089
1558,-159.8783
1559,-557.6194
1560,-360.0142
1561,-169.931
1562,-276.6305
1563,-349.2002
1564,70.0672
1565,-450.0225
1566,-1003.0101
1567,-602.8776
1568,-429.8756
1569,110.5532
1570,-561.6214
1571,-286.6018
1572,-650.0055
1573,-266.3895
1574,-239.3577
1575,231.7978
1576,-151.5052
1577,-83.994
1578,-917.4425
1579,284.1563
1580,-144.5497
1581,-767.3373
1582,-442.4047
1583,-328.9798
1584,-574.2865
1585,-6.1509
1586,-127.6808
1587,-172.141
1588,-215.6918
1589,-1029.8991
1590,-196.068
1591,415.2489
1592,-482.327
1593,104.1567
1594,-300.6813
1595,-88.9385
1596,-10.1162
1597,397.076
1598,-5.0332
1599,-596.5216
1600,-245.8617
1601,0.4084
1602,26.2993
1603,408.0971
1604,12.9032
1605,428.2061
1606,-215.7441
1607,-541.998
1608,-551.2551
1609,-551.6931
1610,194.2985
1611,-81.1723
1612,-371.3864
1613,-554.7025
1614,-564.3206
1615,12.282
1616,-234.8822
1617,-226.1467
1618,-641.3799
1619,149.0669
1620,-262.1641
1621,413.8276
1622,-180.9705
1623,-146.2183
1624,-94.5353
1625,-625.1579
1626,-743.6075
1627,30.8826
1628,613.4086
1629,-768.0981
1630,-512.0758
1631,-748.9715
1632,7.8806
1633,-317.3273
1634,-71.4728
1635,40.4094
1636,-525.5438
1637,-497.1061
1638,-563.7462
1639,-182.5289
1640,-116.3794
1641,-1048.6135
1642,73.4185
1643,157.467
1644,-704.2598
1645,-469.7092
1646,-9.7509
1647,-162.7909
1648,34.5931
1649,115.5629
1650,-490.6527
1651,238.8576
1652,49.106
1653,-267.5448
1654,-518.6606
1655,-142.3266
1656,-683.6986
1657,223.9061
1658,-810.3342
1659,-4.1948
1660,46.1624
1661,-272.5498
1662,-1007.0133
1663,-448.0855
1664,-556.1765
1665,-215.7004
1666,-176.4783
1667,-241.0596
1668,148.2807
1669,-99.6245
1670,-597.0314
1671,-357.9915
1672,-88.0283
1673,-200.5449
1674,-456.8675
1675,70.484
1676,33.84
1677,7.4836
1678,-364.3387
1679,323.339
1680,-542.3071
1681,-222.341
1682,-36.7885
1683,-409.1135
1684,-1381.9096
1685,-378.0721
1686,-32.4567
1687,-436.3295
1688,173.261
1689,-959.2031
1690,-173.6682
1691,-414.5515
1692,-163.2235
1693,311.5825
1694,-458.3231
1695,207.2489
1696,-114.8978
1697,-706.1255
1698,10.7257
1699,50.1321
1700,92.3979
1701,-518.4896
1702,-682.9723
1703,-369.8083
1704,-44.621
1705,39.9039
1706,-78.1876
1707,290.8104
1708,-461.4395
1709,-217.4816
1710,-42.1841
1711,108.7607
1712,-1077.7517
1713,-72.2679
1714,-210.7152
1715,-592.09
1716,-714.2796
1717,-313.5153
1718,-432.841
1719,607.441
1720,-828.633
1721,-693.9443
1722,-514.8054
1723,-605.7117
1724,-73.0552
1725,370.9886
1726,155.7179
1727,-1064.7416
1728,-526.1268
1729,-23.7504
1730,-426.2971
1731,-719.1131
1732,-226.0868
1733,-174.1525
1734,-513.4778
1735,-615.1685
1736,-426.4812
1737,9.7782
1738,-521.5928
1739,-761.7946
1740,-116.2908
1741,-308.6982
1742,-870.9562
1743,-1019.4051
1744,-878.8935
1745,-360.0876
1746,86.2124
1747,241.9346
1748,-174.1883
1749,-112.8766
1750,748.9834
1751,-120.2223
1752,16.749
1753,145.664
1754,409.06
1755,-550.8158
1756,-564.862
1757,694.5438
1758,166.6996
1759,-798.8901
1760,235.4239
1761,-119.4847
1762,-288.5648
1763,443.1898
1764,-709.6148
1765,222.3868
1766,-384.6706
1767,-31.0113
1768,-357.8375
1769,-291.9578
1770,-710.7717
1771,-295.1501
1772,-555.4505
1773,-114.1927
1774,65.2103
1775,436.035
1776,-207.8361
1777,-116.493
1778,-368.0182
1779,-354.7684
1780,286.457
1781,-204.0149
1782,-375.5637
1783,-291.5598
1784,-158.4977
1785,-906.319
1786,-69.5333
1787,306.2654
1788,-792.4888
1789,31.2659
1790,-579.9239
1791,213.5708
1792,-698.3792
1793,-376.9776
1794,-1146.1541
1795,-783.3664
1796,-359.4012
1797,-261.0553
1798,-86.1707
1799,217.4326
1800,-575.5913
1801,-602.6015
1802,-569.7546
1803,-872.2347
1804,-309.7512
1805,157.9259
1806,23.4027
1807,-790.0012
1808,21.818
1809,197.9176
1810,-605.8395
1811,-390.8719
1812,-387.643
1813,894.6066
1814,406.5035
1815,0.4433
1816,557.0292
1817,-234.5239
1818,258.9428
1819,-281.3587
1820,-392.3677
1821,298.7974
1822,-262.0267
1823,85.2857
1824,-493.2939
1825,-117.6177
1826,-635.1778
1827,-483.2673
1828,-816.5454
1829,-536.925
1830,-7.3146
1831,-369.894
1832,-477.5541
1833,-499.8342
1834,316.4647
1835,-234.4622
1836,-471.738
1837,42.8384
1838,-839.0089
1839,-105.5468
1840,-954.2048
1841,78.2175
1842,-537.3809
1843,-319.2304
1844,-26.1434
1845,-65.9301
1846,87.1021
1847,-262.6838
1848,-16.7489
1849,323.5227
1850,-239.5767
1851,72.1108
1852,309.5618
1853,204.8876
1854,-1129.1936
1855,-521.0738
1856,-477.8426
1857,-251.9583
1858,-500.0861
1859,-86.1784
1860,139.9309
1861,-304.3586
1862,-563.1039
1863,-335.7268
1864,-688.5489
1865,-748.9993
1866,159.6935
1867,-402.1531
1868,-941.0792
1869,-660.0764
1870,-591.853
1871,-826.0262
1872,-312.1279
1873,-219.2214
1874,-1052.8756
1875,-208.5178
1876,-294.3792
1877,-67.4773
1878,-103.2341
1879,-235.1639
1880,-826.3615
1881,-242.4172
1882,-195.1624
1883,-400.437
1884,-53.9461
1885,-629.0871
1886,783.6044
1887,-566.5405
1888,-365.2461
1889,-532.1712
1890,-700.4135
1891,-425.8345
1892,-103.0753
1893,19.6734
1894,140.7153
1895,-343.206
1896,-521.876
1897,-845.878
1898,-822.3915
1899,-270.2437
1900,1013.3548
1901,-320.4811
1902,-380.6049
1903,-405.5729
1904,-1438.8415
1905,-569.1432
1906,-479.5675
1907,1.6348
1908,-702.634
1909,-624.9751
1910,-263.7029
1911,-788.7719
1912,-293.9305
1913,-1016.141
1914,-222.2553
1915,-346.6313
1916,-106.9243
1917,-537.5879
1918,-600.4676
1919,-544.5169
1920,-1052.4944
1921,-432.3397
1922,-785.5087
1923,-448.8864
1924,62.6156
1925,-151.093
1926,3.4729
1927,-194.3972
1928,-145.5754
1929,-85.5005
1930,-924.9747
1931,-418.9798
1932,413.9791
1933,-411.6465
1934,-582.9736
1935,-415.9146
1936,-415.9453
1937,-184.7176
1938,-387.045
1939,-618.3432
1940,-588.9581
1941,331.8896
1942,137.0566
1943,505.2583
1944,-206.2436
1945,-631.122
1946,66.3823
1947,-577.4179
1948,96.8756
1949,-103.0653
1950,-611.3054
1951,-235.5386
1952,-188.6995
1953,-74.8228
1954,-1097.9575
1955,-256.188
1956,-738.0203
1957,-736.2365
1958,-857.8673
1959,282.1325
1960,-165.6785
1961,-19.8929
1962,34.4173
1963,-42.7291
1964,253.2516
1965,-195.4658
1966,-283.1067
1967,-1242.9538
1968,-513.0459
1969,-634.5561
1970,-56.3914
1971,-322.5868
1972,73.3265
1973,-1084.4978
1974,-698.3789
1975,-345.7005
1976,128.3245
1977,434.7793
1978,-349.4971
1979,-9.5983
1980,118.903
1981,-131.2173
1982,-382.3172
1983,18.2098
1984,29.5139
1985,-921.9871
1986,-248.5505
1987,-869.1297
1988,111.5604
1989,-183.9419
1990,-837.2789
1991,-163.8942
1992,-340.7203
1993,97.6613
1994,-604.1447
1995,204.2027
1996,-595.3015
1997,-413.5707
1998,-420.361
1999,-897.4813
2000,-408.2249
2001,-292.852
2002,-489.8824
2003,-140.5747
2004,-129.2729
2005,-702.9104
2006,-244.4245
2007,-653.1098
2008,-4.8352
2009,-343.0037
2010,-701.47
2011,-554.2522
2012,97.6739
2013,-693.1836
2014,-587.7464
2015,-256.5156
2016,-140.4646
2017,418.0546
2018,-154.2913
2019,-407.3848
2020,-667.1961
2021,-215.785
2022,-307.0851
2023,280.8864
2024,-274.4852
2025,195.3236
2026,-44.6668
2027,133.8886
2028,-585.9116
2029,372.2018
2030,-369.6057
2031,-717.4504
2032,-272.2917
2033,-72.4566
2034,-752.2196
2035,-382.3868
2036,-632.9436
2037,-180.3038
2038,-575.1207
2039,198.4022
2040,-320.7708
2041,172.5374
2042,-456.2523
2043,-550.2043
2044,-837.1547
2045,-1384.6961
2046,-585.4744
2047,149.0123
2048,-493.1321
2049,-1097.4881
2050,-124.3778
2051,-153.0173
2052,-605.8647
2053,-211.859
2054,142.6779
2055,273.8257
2056,-631.7515
2057,3.1742
2058,-209.6624
2059,-197.9694
2060,-199.6961
2061,106.674
2062,161.0331
2063,-303.3001
2064,-414.7232
2065,-218.0333
2066,-661.145
2067,290.1951
2068,73.6506
2069,-472.5205
2070,-21.0259
2071,-761.8917
2072,-629.1896
2073,-467.5887
2074,-746.3448
2075,-151.5655
2076,141.265
2077,-412.8945
2078,-480.3
2079,-292.707
2080,-116.2222
2081,240.6702
2082,-304.4206
2083,238.2156
2084,-520.5072
2085,-508.7631
2086,-606.219
2087,-375.7529
2088,-80.2629
2089,127.3918
2090,321.9605
2091,-478.2848
2092,112.2915
2093,-92.9914
2094,414.9924
2095,-225.8103
2096,684.7321
2097,309.7044
2098,-521.9201
2099,151.6519
2100,398.6659
2101,-50.3677
2102,13.0009
2103,-427.1866
2104,-682.2753
2105,-599.049
2106,-468.066
2107,299.7741
2108,-398.3121
2109,-21.7281
2110,1370.5416
2111,-167.4419
2112,-540.5983
2113,89.4307
2114,414.0503
2115,-623.9449
2116,-56.745
2117,-85.2927
2118,-293.2278
2119,-745.9411
2120,-521.82
2121,516.1952
2122,310.8349
2123,168.6131
2124,-264.6311
2125,137.3766
2126,-106.7376
2127,-98.6655
2128,-46.9556
2129,-625.9691
2130,83.1283
2131,-609.7346
2132,-614.7365
2133,-649.0674
2134,-826.7246
2135,-692.1311
2136,718.3768
2137,116.4382
2138,-352.791
2139,-279.3779
2140,-794.2109
2141,-701.0125
2142,-293.775
2143,250.3239
2144,-177.0971
2145,-655.2894
2146,-179.3654
2147,-126.7811
2148,187.7173
2149,-41.2705
2150,-358.5481
2151,-230.5506
2152,-935.1361
2153,-224.5813
2154,256.1385
2155,110.4709
2156,-458.0018
2157,-85.5208
2158,-956.0571
2159,457.4853
2160,-119.8403
2161,-357.4944
2162,-236.6359
2163,-270.5989
2164,-115.3765
2165,-68.4514
2166,-978.5271
2167,-178.4328
2168,-100.1891
2169,-132.7792
2170,262.3563
2171,-1525.3936
2172,-343.0687
2173,-613.404
2174,-177.7683
2175,32.4635
2176,426.9677
2177,-334.438
2178,-126.5907
2179,-710.785
2180,-904.4534
2181,-432.1063
2182,-65.7804
2183,-604.7064
2184,-51.7734
2185,-630.0575
2186,-591.3858
2187,-256.3824
2188,-24.0647
2189,9.4612
2190,-325.7525
2191,-305.8222
2192,-129.2835
2193,-580.4405
2194,-123.5723
2195,-201.9787
2196,-1031.1729
2197,264.6411
2198,-288.6784
2199,104.7523
2200,-381.6527
2201,-497.3516
2202,38.0159
2203,-246.4177
2204,54.603
2205,-477.8106
2206,260.3946
2207,-306.6296
2208,-301.0193
2209,-262.7592
2210,119.3001
2211,207.9709
2212,-627.2063
2213,-499.9537
2214,-1784.6764
2215,-130.5134
2216,591.9514
2217,92.3073
2218,-144.5655
2219,-184.1211
2220,-513.1624
2221,-369.7452
2222,12.7462
2223,-832.303
2224,129.9816
2225,-386.4811
2226,-667.11
2227,-710.9022
2228,-348.7534
2229,-319.248
2230,222.6157
2231,-447.9965
2232,51.9261
2233,-519.5566
2234,-530.0821
2235,-23.6737
2236,-9.491
2237,-639.3001
2238,81.2267
2239,-307.3551
2240,-435.1132
2241,-1427.7689
2242,-426.3771
2243,-283.8144
2244,-190.6197
2245,59.7267
2246,-37.7773
2247,-948.6171
2248,-619.5483
2249,-83.7088
2250,487.8436
2251,133.8238
2252,-8.6335
2253,-400.8157
2254,117.8143
2255,-262.0224
2256,3.6541
2257,202.9562
2258,-150.7783
2259,-629.9661
2260,-88.5429
2261,-562.4005
2262,106.7565
2263,596.9545
2264,2.7245
2265,-31.022
2266,-72.9135
2267,846.7831
2268,-33.1979
2269,-434.9841
2270,-275.7762
2271,-355.5763
2272,-878.2744
2273,-206.3877
2274,-135.6026
2275,262.2993
2276,66.178
2277,764.193
2278,-225.8325
2279,-80.157
2280,-278.9406
2281,-192.6749
2282,-60.8669
2283,-312.2254
2284,157.6322
2285,197.7123
2286,-540.7249
2287,74.5354
2288,-690.0951
2289,608.3172
2290,-375.9621
2291,-112.0936
2292,39.9723
2293,-1287.0769
2294,-523.929
2295,-674.4747
2296,-128.8277
2297,47.3544
2298,-104.9706
2299,405.4168
2300,-590.0155
2301,-99.4445
2302,-492.27
2303,-2.0737
2304,-864.4495
2305,-140.6141
2306,-620.4333
2307,204.8331
2308,-688.1199
2309,-456.3411
2310,44.3633
2311,-238.9577
2312,-161.2779
2313,-81.8171
2314,-621.7155
2315,-78.3258
2316,-137.1505
2317,-40.5346
2318,707.5415
2319,-623.0756
2320,-1074.7474
2321,-438.4313
2322,-764.2188
2323,-250.4396
2324,-403.1504
2325,554.6889
2326,198.1801
2327,-183.5041
2328,-341.1055
2329,493.5376
2330,-101.5698
2331,-425.1038
2332,-496.2949
2333,-364.4233
2334,-231.108
2335,-133.8942
2336,52.2012
2337,336.3989
2338,-518.9117
2339,-551.5964
2340,164.2991
2341,-364.0871
2342,46.4646
2343,-361.0846
2344,303.3267
2345,-164.7717
2346,382.6493
2347,-1146.905
2348,-688.5966
2349,-394.4234
2350,115.2616
2351,-217.2169
2352,-286.5216
2353,-762.3455
2354,-435.6076
2355,-190.9439
2356,-793.3272
2357,-301.2085
2358,-1024.5279
2359,-454.0905
2360,104.252
2361,-91.2887
2362,-164.9405
2363,-226.9806
2364,-859.0639
2365,199.1167
2366,-447.0268
2367,-585.5188
2368,-768.0613
2369,874.2786
2370,-241.4855
2371,-248.2282
2372,-140.5963
2373,-768.3397
2374,817.8284
2375,-587.1876
2376,-144.0364
2377,-1086.3538
2378,-245.8487
2379,68.992
2380,-402.9814
2381,-562.2239
2382,-430.522
2383,-647.403
2384,-896.8359
2385,-73.1574
2386,229.6789
2387,-816.3551
2388,-232.194
2389,-4.9331
2390,-405.134
2391,-334.0149
2392,-106.3092
2393,-116.1046
2394,378.1656
2395,-379.8811
2396,-187.58
2397,-149.377
2398,-1494.5859
2399,-916.328
2400,-411.731
2401,-868.5698
2402,-610.3634
2403,-1175.5622
2404,-471.3805
2405,-404.6029
2406,-466.5057
2407,-920.5708
2408,-382.4932
2409,-1185.6473
2410,185.3617
2411,-150.928
2412,-315.656
2413,-137.2325
2414,-413.5136
2415,-725.7959
2416,-79.4724
2417,-606.2298
2418,-794.5866
2419,165.9704
2420,143.0371
2421,-428.6321
2422,160.7702
2423,-180.1593
2424,-860.5768
2425,-367.057
2426,-702.3153
2427,-283.1824
2428,-282.7026
2429,-229.9177
2430,-49.96
2431,-733.8291
2432,166.01
2433,-817.2595
2434,-106.1464
2435,-292.7052
2436,-641.7577
2437,-660.3518
2438,-382.6646
2439,-391.5114
2440,10.0743
2441,-186.0666
2442,-89.4537
2443,484.34
2444,-100.6433
2445,185.6643
2446,-904.3579
2447,-436.7411
2448,-76.9261
2449,226.8109
2450,-25.0811
2451,140.8654
2452,-344.7941
2453,-396.365
2454,-64.7819
2455,587.3056
2456,-216.7736
2457,-384.3646
2458,-669.5164
2459,-113.8575
2460,-412.7066
2461,-351.7973
2462,-119.3031
2463,278.8986
2464,-588.6523
2465,586.3979
2466,-311.4709
2467,491.3028
2468,-125.4292
2469,407.3811
2470,-208.5625
2471,-546.4925
2472,-482.0473
2473,-576.3235
2474,-941.218
2475,-692.8749
2476,-609.1101
2477,-304.96
2478,44.9076
2479,-176.0803
2480,-282.333
2481,-789.2797
2482,-521.9052
2483,-628.5176
2484,-172.3538
2485,26.4855
2486,-584.8545
2487,-541.464
2488,-406.8517
2489,17.0365
2490,-196.4539
2491,565.5696
2492,644.1191
2493,269.046
2494,-126.7253
2495,-574.9666
2496,-883.615
2497,-37.0732
2498,-66.6799
2499,-120.0394
2500,-146.0594
2501,-521.6317
2502,-347.1076
2503,292.0295
2504,492.6396
2505,-830.3893
2506,-312.6852
2507,-834.5914
2508,37.4794
2509,-276.8039
2510,-518.9188
2511,66.5916
2512,521.7315
2513,-144.7249
2514,-152.8495
2515,-392.6068
2516,-22.252
2517,-219.9754
2518,-402.3426
2519,127.9503
2520,-321.9114
2521,-574.0142
2522,-921.2485
2523,52.5978
2524,380.2347
2525,-112.8816
2526,-760.8709
2527,-1156.6449
2528,-367.6068
2529,-239.4841
2530,-362.0958
2531,337.9025
2532,281.5463
2533,-330.8206
2534,-1093.9423
2535,-494.6318
2536,-96.9383
2537,-288.5171
2538,-29.8456
2539,-407.6943
2540,154.4083
2541,-310.3596
2542,171.7696
2543,-321.4217
2544,-700.7758
2545,-466.6542
2546,217.6107
2547,-175.5397
2548,-813.6418
2549,58.6536
2550,-449.2394
2551,-387.7711
2552,37.7777
2553,-927.149
2554,-63.8761
2555,-382.1762
2556,-836.643
2557,-252.927
2558,-732.7056
2559,633.3053
2560,-863.6881
2561,-404.7803
2562,-324.419
2563,-207.9456
2564,-738.4136
2565,9.4656
2566,-588.9881
2567,-113.6134
2568,-863.3109
2569,65.5238
2570,-309.3125
2571,-625.3886
2572,-209.3517
2573,29.345
2574,124.3284
2575,-492.495
2576,-500.297
2577,-78.4145
2578,-444.8457
2579,-214.5747
2580,550.0934
2581,-148.3024
2582,126.7072
2583,-224.3979
2584,-110.2826
2585,-199.6086
2586,-255.4664
2587,408.5335
2588,-89.2005
2589,-1010.4314
2590,-310.7617
2591,-253.9263
2592,-265.7174
2593,506.4389
2594,-683.5239
2595,493.1087
2596,349.8642
2597,-311.0211
2598,-383.7239
2599,-301.418
2600,242.4514
2601,-678.7826
2602,-329.0236
2603,334.5831
2604,-617.4717
2605,-165.6496
2606,-285.3577
2607,-108.3591
2608,-727.4808
2609,-453.2454
2610,-35.9291
2611,-455.9392
2612,163.5632
2613,-476.4214
2614,234.2111
2615,-372.0004
2616,-50.3908
2617,-775.9852
2618,-490.693
2619,-579.0011
2620,-333.9046
2621,-1291.305
2622,-233.5667
2623,-386.1652
2624,109.8243
2625,429.9945
2626,-405.875
2627,-313.9254
2628,-353.7858
2629,-1152.6433
2630,-698.2527
2631,442.513
2632,-637.165
2633,-321.3126
2634,-472.7317
2635,-256.8307
2636,422.2059
2637,-313.414
2638,-423.6008
2639,-822.1412
2640,-956.2217
2641,-403.7982
2642,-71.9471
2643,171.4782
2644,-14.0352
2645,-220.8302
2646,42.251
2647,-401.2842
2648,-153.053
2649,-249.4671
2650,-474.3316
2651,-130.3491
2652,-21.1883
2653,-809.4462
2654,-490.267
2655,-793.5218
2656,-472.0292
2657,222.2173
2658,-299.6406
2659,-290.7503
2660,-176.8693
2661,102.4371
2662,33.6057
2663,294.7829
2664,-265.1799
2665,-1337.6549
2666,-750.6366
2667,-452.3323
2668,-715.5696
2669,37.5664
2670,-481.1751
2671,691.7125
2672,-267.9402
2673,510.0478
2674,295.0116
2675,-249.019
2676,-456.3741
2677,-234.0677
2678,-89.6391
2679,-71.7586
2680,67.94
2681,-287.8142
2682,-546.6808
2683,-203.7419
2684,-240.3022
2685,1127.2407
2686,-526.4871
2687,-735.084
2688,-953.5092
2689,-543.0838
2690,-574.7869
2691,72.1582
2692,-409.7486
2693,-735.5899
2694,791.065
2695,-201.9734
2696,-449.3974
2697,-1000.1901
2698,-101.2685
2699,-267.1509
2700,-394.2822
2701,32.648
2702,-213.9974
2703,163.2384
2704,-240.3579
2705,-159.8773
2706,-380.0349
2707,97.0542
2708,-316.1456
2709,614.8062
2710,-779.3009
2711,-208.3983
2712,-115.9235
2713,540.7144
2714,-291.1164
2715,-396.552
2716,668.9185
2717,196.4686
2718,435.3668
2719,-764.6975
2720,-734.2379
2721,99.1456
2722,-682.1958
2723,-123.3405
2724,-689.7371
2725,-733.4171
2726,568.3905
2727,-256.7428
2728,-161.281
2729,88.58
2730,232.0741
2731,-552.9203
2732,-488.3086
2733,-263.3214
2734,48.2978
2735,-180.3504
2736,-1095.1223
2737,525.8272
2738,-221.1179
2739,1051.1166
2740,-85.84
2741,-779.9782
2742,-279.2151
2743,243.9664
2744,483.7963
2745,200.0559
2746,-169.1025
2747,-216.3525
2748,-710.8603
2749,-154.5531
2750,-615.5607
2751,84.9755
2752,-32.1782
2753,-451.4184
2754,76.436
2755,-486.0475
2756,-568.2784
2757,-39.8288
2758,690.4234
2759,-424.0353
2760,-77.7634
2761,-485.1831
2762,-926.5686
2763,-1353.2419
2764,-395.2649
2765,-7.3047
2766,-516.6772
2767,-449.9612
2768,-175.6388
2769,218.2221
2770,240.8454
2771,778.4202
2772,729.2667
2773,-106.8481
2774,-169.5274
2775,-88.6583
2776,-380.8281
2777,96.5015
2778,-344.2164
2779,-220.3599
2780,329.2642
2781,-229.373
2782,-222.8073
2783,-275.9548
2784,173.1148
2785,-492.0646
2786,65.8434
2787,226.1347
2788,136.0404
2789,-808.9023
2790,116.622
2791,298.0037
2792,-653.1984
2793,-883.2247
2794,-713.4519
2795,327.883
2796,-442.8261
2797,-109.1661
2798,135.3229
2799,-1331.8623
2800,-370.3772
2801,-104.9956
2802,-494.8546
2803,-607.0432
2804,89.402
2805,479.969
2806,-172.1199
2807,422.0791
2808,24.5162
2809,348.207
2810,-200.8226
2811,535.9751
2812,117.1955
2813,-451.2087
2814,237.1123
2815,-525.0841
2816,52.8316
2817,-1233.4036
2818,-510.1106
2819,-566.0888
2820,141.2995
2821,-862.9072
2822,-409.7679
2823,42.4401
2824,-100.6303
2825,-277.1515
2826,-3.1706
2827,-883.696
2828,-505.1596
2829,-673.19
2830,94.9485
2831,-40.7205
2832,-436.0678
2833,-573.6076
2834,-557.9844
2835,-312.1479
2836,-689.087
2837,-678.8773
2838,-488.8135
2839,-371.555
2840,-509.2333
2841,-316.482
2842,-123.8101
2843,-14.6449
2844,-362.5612
2845,174.346
2846,323.7864
2847,40.0873
2848,-277.4052
2849,257.5016
2850,-387.2038
2851,-925.581
2852,107.3998
2853,-103.0542
2854,414.4731
2855,-403.7902
2856,-683.9888
2857,110.9357
2858,-485.707
2859,664.2742
2860,-317.9549
2861,353.8737
2862,-547.4715
2863,-473.447
2864,-892.0629
2865,-481.1619
2866,-69.4846
2867,-722.6703
2868,44.8473
2869,-975.5474
2870,-233.6924
2871,-595.4579
2872,-51.8774
2873,-618.0835
2874,-47.7133
2875,-133.8129
2876,-751.4258
2877,-349.1176
2878,-791.3898
2879,-341.0885
2880,-323.2744
2881,-1079.03
2882,-601.6288
2883,447.6365
2884,-243.3862
2885,-31.6683
2886,-821.671
2887,-612.337
2888,-1021.2156
2889,-413.3592
2890,-626.0403
2891,-335.8162
2892,-73.7687
2893,-643.9722
2894,-510.37
2895,-1152.7181
2896,-3.3315
2897,-357.2336
2898,149.8151
2899,-88.8201
2900,189.5238
2901,-185.9289
2902,-389.8539
2903,-53.5399
2904,-210.0998
2905,315.7464
2906,459.6841
2907,-275.0487
2908,-883.6315
2909,285.7328
2910,210.7786
2911,-254.4806
2912,-306.3516
2913,575.5591
2914,64.6387
2915,-802.2947
2916,57.0162
2917,-13.9848
2918,649.8102
2919,392.344
2920,129.797
2921,-729.7151
2922,-479.903
2923,-1048.2562
2924,463.389
2925,-1027.8078
2926,-710.48
2927,26.127
2928,-395.0684
2929,-913.7883
2930,-223.5106
2931,8.165
2932,44.6759
2933,-247.6291
2934,-1002.6004
2935,-333.3261
2936,-731.6328
2937,-299.6443
2938,-500.5022
2939,434.4522
2940,152.6898
2941,74.3668
2942,-488.9628
2943,310.1976
2944,-16.9974
2945,-529.4455
2946,-681.6857
2947,-1095.6601
2948,338.8974
2949,613.0041
2950,-483.5235
2951,-419.7161
2952,-270.2452
2953,-540.0649
2954,-908.5733
2955,-471.3655
2956,92.8646
2957,-447.5604
2958,-824.4359
2959,-524.5378
2960,-367.7355
2961,-885.0926
2962,-1099.182
2963,719.1134
2964,-1147.4951
2965,-487.7499
2966,-740.9423
2967,577.4934
2968,-6.5082
2969,-314.3483
2970,-520.2897
2971,206.6708
2972,-629.6205
2973,-75.7405
2974,16.2945
2975,-816.3272
2976,115.99
2977,-419.8702
2978,-395.6605
2979,-261.8536
2980,-616.6701
2981,-442.9723
2982,-473.0898
2983,-374.9654
2984,-69.4347
2985,-97.39
2986,-1211.0829
2987,-631.8013
2988,10.0915
2989,137.801
2990,18.8541
2991,-83.334
2992,-228.2872
2993,-509.7628
2994,515.2759
2995,-86.6056
2996,-416.7786
2997,-424.9787
2998,-512.9846
2999,-251.2039
3000,248.8849
3001,-759.2897
3002,-888.7307
3003,-694.0182
3004,-791.3408
3005,-221.8456
3006,-346.7937
3007,-144.5883
3008,-1073.9732
3009,-308.1479
3010,-279.863
3011,-517.0309
3012,308.7627
3013,-581.2097
3014,-383.3447
3015,22.9723
3016,611.9021
3017,-460.4393
3018,-927.3609
3019,-159.3519
3020,137.6111
3021,-1277.7612
3022,-107.9284
3023,-1090.2883
3024,-16.6722
3025,15.1375
3026,-483.9252
3027,-893.55
3028,-126.6928
3029,-29.3018
3030,-1601.8324
3031,353.5263
3032,485.027
3033,269.8375
3034,-483.5602
3035,-23.3079
3036,-592.4424
3037,-358.8054
3038,-1125.5819
3039,-206.8953
3040,-499.417
3041,-167.0414
3042,-328.0428
3043,-576.2602
3044,268.9475
3045,-856.8599
3046,-483.5225
3047,-271.8873
3048,-205.3438
3049,-434.1276
3050,-562.7803
3051,-450.5021
3052,59.0014
3053,509.2537
3054,-994.2115
3055,121.2948
3056,-119.5762
3057,-594.9681
3058,-978.3167
3059,-240.3274
3060,174.5513
3061,-685.0421
3062,-289.3294
3063,-899.7959
3064,-160.0071
3065,367.1397
3066,-82.9076
3067,-1211.1885
3068,56.5711
3069,222.7007
3070,-587.8693
3071,25.258
3072,-557.2859
3073,484.1967
3074,474.4329
3075,-114.0246
3076,-637.6532
3077,-87.6599
3078,-187.4681
3079,24.6879
3080,-730.7619
3081,-732.7201
3082,289.1231
3083,-296.2094
3084,-2.7857
3085,-381.4956
3086,-430.0346
3087,-222.8305
3088,-180.0838
3089,138.2073
3090,-540.8247
3091,-145.5925
3092,-481.8512
3093,-233.2502
3094,-184.8689
3095,-640.3028
3096,-22.8185
3097,-256.5668
3098,-163.6473
3099,-266.5127
3100,-519.7208
3101,-467.0206
3102,-419.7334
3103,-397.6344
3104,303.2721
3105,902.1019
3106,-581.0589
3107,-465.0893
3108,-479.3438
3109,144.2496
3110,-785.2851
3111,16.4846
3112,177.1202
3113,-420.9879
3114,-664.7027
3115,-1481.2707
3116,-284.3524
3117,-61.7824
3118,-512.2819
3119,-633.0543
3120,-25.7784
3121,110.9298
3122,-843.2151
3123,-556.9333
3124,-342.5568
3125,54.6241
3126,-248.0841
3127,-573.6125
3128,770.9143
3129,96.6975
3130,-619.0969
3131,-144.259
3132,94.7437
3133,-76.8678
3134,172.814
3135,-386.2194
3136,67.8266
3137,0.0586
3138,-981.7834
3139,-398.6286
3140,-224.4256
3141,-220.0852
3142,-199.204
3143,-411.5892
3144,-279.7504
3145,432.6336
3146,-231.3524
3147,-585.2245
3148,89.03
3149,-408.3504
3150,-446.6448
3151,-935.7212
3152,13.7421
3153,-841.1358
3154,-19.4851
3155,-719.3277
3156,-332.5715
3157,-16.1787
3158,-245.2719
3159,325.5883
3160,-73.4262
3161,19.5973
3162,-79.4576
3163,290.0296
3164,-439.8496
3165,-488.3085
3166,999.0778
3167,-466.6797
3168,-387.7015
3169,-130.6497
3170,-369.4276
3171,-583.9822
3172,-460.1441
3173,-65.704
3174,-475.474
3175,-621.8765
3176,354.6544
3177,-593.0613
3178,-44.9411
3179,-942.2621
3180,-195.2213
3181,158.0635
3182,-627.3076
3183,-433.5212
3184,-601.7721
3185,-509.2477
3186,84.8445
3187,-564.0041
3188,200.2224
3189,-690.3051
3190,-766.0722
3191,-881.9074
3192,51.4942
3193,-272.4411
3194,-224.3409
3195,438.8238
3196,-1022.0898
3197,-105.6336
3198,-976.8081
3199,-78.4858
3200,857.6822
3201,-931.0747
3202,321.7207
3203,-329.8078
3204,-44.4129
3205,788.3128
3206,-1106.5952
3207,-698.2704
3208,260.1775
3209,150.7011
3210,-632.1918
3211,-492.3591
3212,-405.847
3213,-542.5698
3214,-330.2058
3215,-734.2666
3216,-270.4649
3217,-240.0757
3218,77.2645
3219,-252.7072
3220,-313.0617
3221,-520.286
3222,-685.687
3223,43.3926
3224,-565.7619
3225,-953.2697
3226,-312.0321
3227,-206.2762
3228,633.9741
3229,724.1995
3230,184.7469
3231,-466.8407
3232,-667.537
3233,-327.0085
3234,37.79
3235,-508.4581
3236,495.1796
3237,-86.9432
3238,-542.4994
3239,90.1124
3240,-433.9197
3241,-385.7826
3242,-934.3313
3243,-310.2654
3244,-640.9903
3245,198.3629
3246,134.2734
3247,221.0974
3248,-343.2228
3249,-287.6509
3250,-378.2199
3251,-518.8491
3252,-1025.6612
3253,-394.2453
3254,-224.8042
3255,-397.8106
3256,-453.157
3257,-123.027
3258,-179.7229
3259,-220.6708
3260,-719.0865
3261,-52.9616
3262,-557.1229
3263,-258.4029
3264,-591.823
3265,488.1472
3266,-837.8136
3267,-211.7206
3268,-780.5264
3269,-174.3587
3270,-60.995
3271,-431.2009
3272,-123.808
3273,-12.5517
3274,-56.1032
3275,224.5696
3276,-889.5061
3277,-761.2217
3278,-279.864
3279,827.2258
3280,9.0618
3281,190.3579
3282,106.0903
3283,-128.5038
3284,-183.4315
3285,-385.8818
3286,-353.0228
3287,-826.5917
3288,-614.3379
3289,369.3465
3290,173.0398
3291,-596.7243
3292,65.4502
3293,-451.6103
3294,-492.6486
3295,-367.7239
3296,235.5772
3297,-61.3894
3298,-176.139
3299,-31.5157
3300,79.8045
3301,-793.7415
3302,666.5671
3303,-257.1332
3304,-76.2752
3305,38.6683
3306,-466.2573
3307,-286.6359
3308,-881.1035
3309,307.5285
3310,470.368
3311,-466.3469
3312,-461.3164
3313,-77.2314
3314,-440.8708
3315,-1161.6008
3316,623.1763
3317,-730.4423
3318,-415.262
3319,-599.2323
3320,-782.7881
3321,-666.0742
3322,-599.2822
3323,-87.0957
3324,-1415.7839
3325,-236.9937
3326,-142.2351
3327,-623.4352
3328,-658.0301
3329,229.4614
3330,428.8493
3331,-365.2494
3332,-308.8495
3333,-287.2273
3334,-630.4008
3335,-283.5244
3336,-446.1073
3337,175.311
3338,-221.5328
3339,-459.7535
3340,-799.4965
3341,-575.7802
3342,-69.7885
3343,76.8642
3344,-253.4393
3345,-1049.29
3346,-269.084
3347,28.0808
3348,-347.919
3349,-843.2619
3350,-83.1722
3351,-224.886
3352,535.3953
3353,336.0796
3354,-258.2878
3355,-4.2302
3356,-342.1743
3357,-456.3273
3358,-171.5112
3359,108.6483
3360,-5.7433
3361,-734.6592
3362,-687.1442
3363,-589.7387
3364,83.8019
3365,1021.528
3366,-646.255
3367,-447.5874
3368,-511.2291
3369,-171.5561
3370,192.7113
3371,-340.5258
3372,58.5776
3373,-31.1362
3374,-199.5575
3375,-52.625
3376,-77.2991
3377,-203.915
3378,-632.9776
3379,-350.1014
3380,-74.2974
3381,-103.6043
3382,-1118.9137
3383,-395.063
3384,-485.486
3385,-983.3268
3386,458.7894
3387,-308.8129
3388,159.2492
3389,10.3263
3390,-360.7511
3391,-484.5936
3392,205.0817
3393,-478.2322
3394,-845.4285
3395,-81.9686
3396,212.0381
3397,-909.6864
3398,-329.135
3399,162.0249
3400,-637.1859
3401,-290.1247
3402,-209.2411
3403,-1153.0226
3404,156.4199
3405,-230.3284
3406,-523.6149
3407,93.9897
3408,-70.2973
3409,-70.2082
3410,-485.9881
3411,-840.9116
3412,-511.7059
3413,-29.4329
3414,159.6632
3415,-530.5814
3416,-590.4637
3417,-299.0834
3418,-384.3271
3419,-173.7293
3420,49.1518
3421,-719.7305
3422,-920.0954
3423,-813.0745
3424,-86.7373
3425,-1109.1673
3426,98.1323
3427,-161.3242
3428,-758.6133
3429,-335.1773
3430,-802.6098
3431,-704.0365
3432,-426.9176
3433,-467.5232
3434,168.3944
3435,-855.4971
3436,-321.0373
3437,-230.4247
3438,-92.4545
3439,3.6271
3440,546.5047
3441,-403.778
3442,-408.2531
3443,-650.9407
3444,-566.9673
3445,-397.9964
3446,-215.8466
3447,-611.3708
3448,-302.7248
3449,-375.5224
3450,580.7547
3451,293.6547
3452,148.487
3453,-437.4772
3454,518.3335
3455,-707.2154
3456,-521.4952
3457,-407.9342
3458,-42.8257
3459,-277.3761
3460,-391.3782
3461,-383.4183
3462,-287.0347
3463,300.8618
3464,565.6229
3465,-265.6289
3466,-99.689
3467,-149.8818
3468,-999.2621
3469,386.4455
3470,25.3373
3471,-199.6793
3472,-468.6966
3473,-336.4699
3474,-473.2918
3475,-806.6036
3476,-1174.3173
3477,-82.0964
3478,31.4426
3479,-385.5934
3480,-646.4621
3481,-386.3297
3482,-708.5068
3483,-272.8046
3484,-256.0422
3485,-127.8783
3486,113.552
3487,107.2115
3488,160.0478
3489,-395.6554
3490,-349.2615
3491,-103.5004
3492,-32.4093
3493,-607.7449
3494,-548.954
3495,118.6219
3496,-761.5201
3497,-412.5149
3498,-764.9048
3499,-76.376
3500,-831.6209
3501,-412.2903
3502,279.2642
3503,297.4299
3504,-3.9826
3505,-839.1059
3506,-989.8161
3507,276.0234
3508,-297.8884
3509,375.0871
3510,-555.9603
3511,348.4712
3512,198.1727
3513,72.4864
3514,139.2007
3515,-292.238
3516,-691.4728
3517,263.9171
3518,-1063.1987
3519,-5.1768
3520,-690.9461
3521,-176.1224
3522,-504.4256
3523,-674.9962
3524,-609.6754
3525,-929.6529
3526,-452.886
3527,475.8192
3528,-1196.2237
3529,-606.2062
3530,-304.7604
3531,-313.8859
3532,-487.8617
3533,-545.3308
3534,-370.2807
3535,-574.1402
3536,67.6902
3537,220.0402
3538,-1004.6167
3539,97.7141
3540,-641.0686
3541,-533.557
3542,-693.6086
3543,-228.9358
3544,355.9879
3545,-766.3249
3546,-53.5469
3547,618.0566
3548,397.0089
3549,243.9046
3550,-35.0285
3551,-717.7211
3552,-483.7823
3553,-283.0304
3554,-623.0791
3555,-297.4138
3556,-259.0096
3557,-10.6177
3558,-335.0254
3559,-393.2652
3560,-852.5491
3561,-346.903
3562,674.3141
3563,28.4367
3564,-514.638
3565,-148.4179
3566,-961.2039
3567,188.2102
3568,100.9255
3569,-1089.0169
3570,-362.9368
3571,-711.8377
3572,-719.9946
3573,-311.2374
3574,-453.3218
3575,108.4623
3576,115.1413
3577,-282.4686
3578,-359.1292
3579,-135.4269
3580,-672.7896
3581,96.8492
3582,-145.9162
3583,-805.9382
3584,-47.4501
3585,-154.2156
3586,-360.383
3587,-108.4299
3588,-335.5856
3589,-63.9863
3590,131.4559
3591,-445.0776
3592,284.4522
3593,541.1018
3594,-804.0697
3595,-273.2693
3596,-565.1624
3597,430.1545
3598,16.6093
3599,-292.6355
3600,-349.8845
3601,-683.1562
3602,336.4144
3603,-132.2225
3604,-577.966
3605,5.1855
3606,-1008.025
3607,-1333.4189
3608,-151.7764
3609,-467.627
3610,81.4982
3611,290.8541
3612,-54.7094
3613,-61.3438
3614,-81.6677
3615,-59.0185
3616,-181.2974
3617,-772.7929
3618,795.3659
3619,510.3743
3620,-323.0027
3621,808.4169
3622,-517.7462
3623,-452.2207
3624,-367.5654
3625,6.3869
3626,241.7349
3627,-417.2412
3628,-537.6583
3629,141.0341
3630,-64.1849
3631,64.5028
3632,-686.5579
3633,-280.3954
3634,-510.9438
3635,-239.792
3636,100.3702
3637,-671.5514
3638,-506.8568
3639,767.0896
3640,-359.3191
3641,-576.7672
3642,153.8312
3643,-461.8147
3644,-417.5326
3645,-451.0193
3646,-1135.9242
3647,-682.7546
3648,-2.9385
3649,-625.432
3650,183.4807
3651,18.6761
3652,-115.6457
3653,-777.6974
3654,-772.0848
3655,-4.2662
3656,-193.4603
3657,-269.1337
3658,-460.0413
3659,-158.6985
3660,159.1891
3661,-467.0857
3662,-547.0548
3663,-494.3498
3664,-183.4673
3665,540.0167
3666,-138.5634
3667,-199.5671
3668,-1176.1398
3669,-831.9384
3670,296.7948
3671,-638.0472
3672,-196.8299
3673,392.8691
3674,26.0168
3675,-75.7325
3676,-952.6872
3677,-104.0064
3678,-644.2453
3679,-733.6698
3680,-600.0479
3681,751.4987
3682,-535.9239
3683,-357.3962
3684,-122.8444
3685,-24.5614
3686,-377.4664
3687,-523.2669
3688,-669.2957
3689,-229.5547
3690,-255.1398
3691,-548.5318
3692,-547.3544
3693,-363.9818
3694,237.2258
3695,-180.4677
3696,-708.0478
3697,-155.7774
3698,-579.1756
3699,-78.5126
3700,199.1612
3701,-766.3772
3702,20.4021
3703,-101.5576
3704,-341.1624
3705,-104.2332
3706,110.1243
3707,584.5253
3708,-53.2944
3709,370.4613
3710,162.4261
3711,-1310.8017
3712,-835.6558
3713,-265.0619
3714,-475.3252
3715,-37.0095
3716,-591.9111
3717,240.6083
3718,-305.4817
3719,-594.6499
3720,-436.8457
3721,-369.397
3722,-389.6084
3723,-465.6858
3724,286.6772
3725,-350.4092
3726,-509.5933
3727,-882.0855
3728,196.5775
3729,-479.9426
3730,-438.3521
3731,-452.7648
3732,-1040.4339
3733,-682.1238
3734,-366.6785
3735,87.9464
3736,-212.2861
3737,-796.7675
3738,-120.8227
3739,-219.9104
3740,-573.7133
3741,-230.382
3742,264.7547
3743,-808.053
3744,362.3651
3745,-731.7032
3746,-126.9337
3747,-82.0159
3748,-172.861
3749,411.2436
3750,-336.262
3751,-320.4794
3752,43.8256
3753,-102.586
3754,-520.9773
3755,-27.8203
3756,-193.7173
3757,183.8365
3758,-40.7053
3759,106.4481
3760,-955.1966
3761,-528.2491
3762,131.8643
3763,-570.539
3764,-383.7045
3765,-85.8627
3766,-345.6256
3767,-617.7204
3768,-1038.2831
3769,35.7013
3770,514.54
3771,-290.7384
3772,-696.2727
3773,-833.6724
3774,-410.6758
3775,-519.6945
3776,-265.033
3777,365.8383
3778,-824.9088
3779,-710.2228
3780,-170.5282
3781,-462.6436
3782,321.6272
3783,-118.8075
3784,-108.6688
3785,26.2725
3786,-701.0691
3787,-861.9418
3788,-250.159
3789,408.5099
3790,-239.779
3791,-1175.7388
3792,-802.4599
3793,-196.4356
3794,-826.6043
3795,-389.077
3796,418.4689
3797,104.596
3798,-70.2819
3799,-631.7896
3800,-38.1521
3801,59.0336
3802,-240.7851
3803,-920.4195
3804,-87.5241
3805,541.9105
3806,-288.4966
3807,184.0686
3808,-67.4327
3809,-523.6828
3810,-202.6158
3811,-1018.8886
3812,-538.4408
3813,-872.3177
3814,87.194
3815,-74.2501
3816,-250.8607
3817,-181.6242
3818,-313.3943
3819,74.8236
3820,-969.1346
3821,-661.9692
3822,-1290.8376
3823,52.2852
3824,-382.2716
3825,-326.9713
3826,-445.9492
3827,-298.4244
3828,-38.3667
3829,86.0067
3830,-755.7826
3831,-252.7712
3832,435.885
3833,-343.6549
3834,-202.4699
3835,-528.8453
3836,79.1649
3837,-697.2467
3838,-369.1343
3839,-119.0745
3840,125.6279
3841,-721.0055
3842,-418.5842
3843,672.8701
3844,-608.1766
3845,-127.7819
3846,-195.2078
3847,-84.7619
3848,-263.7506
3849,-1047.8824
3850,-308.5386
3851,-358.0568
3852,106.9796
3853,-534.9105
3854,360.7331
3855,14.1396
3856,23.5429
3857,-1154.3049
3858,377.0878
3859,-621.7815
3860,-361.6899
3861,26.6607
3862,-308.0475
3863,-519.951
3864,-373.5822
3865,516.2107
3866,118.9964
3867,-387.696
3868,260.8285
3869,-535.3948
3870,178.1746
3871,156.4791
3872,-213.6614
3873,-503.1661
3874,-379.7622
3875,3.0645
3876,-498.2655
3877,-979.9223
3878,-455.5482
3879,-472.1669
3880,161.1117
3881,-640.7577
3882,-66.458
3883,-1021.5072
3884,-64.6594
3885,-600.4475
3886,-651.0305
3887,-529.8169
3888,-63.3753
3889,-190.2165
3890,-603.3003
3891,-565.9003
3892,-500.8306
3893,-539.825
3894,226.3213
3895,-248.9261
3896,-304.3302
3897,0.3034
3898,-244.2501
3899,62.7828
3900,106.7151
3901,94.6893
3902,-36.2732
3903,-529.0084
3904,-230.1109
3905,-67.6777
3906,-425.9777
3907,-289.5419
3908,-695.9175
3909,-424.2606
3910,-373.6081
3911,-549.7252
3912,-493.2269
3913,-53.4962
3914,-673.0617
3915,-20.9742
3916,501.5121
3917,566.6928
3918,247.5397
3919,-501.4157
3920,-161.466
3921,-356.8183
3922,-600.4687
3923,-453.5586
3924,-615.1935
3925,-792.963
3926,-77.0934
3927,-392.3076
3928,-294.2367
3929,-149.7311
3930,-812.9527
3931,-164.688
3932,-174.2295
3933,-805.0719
3934,-940.4888
3935,-481.921
3936,-754.2323
3937,-925.8912
3938,279.289
3939,-766.9503
3940,253.7684
3941,-510.184
3942,-1071.9235
3943,-1347.156
3944,-138.1479
3945,-574.825
3946,160.4205
3947,-532.67
3948,14.4987
3949,-328.1873
3950,-756.9357
3951,-11.5608
3952,-273.1608
3953,-137.6984
3954,-850.5933
3955,-81.84
3956,-485.157
3957,-108.017
3958,-484.9195
3959,-326.1393
3960,183.2612
3961,56.8702
3962,-666.663
3963,-475.3287
3964,-418.3688
3965,-403.8615
3966,-582.2998
3967,-434.6218
3968,-645.7248
3969,-557.8075
3970,-337.4525
3971,245.1915
3972,-515.0855
3973,-369.4208
3974,-623.1746
3975,-18.7554
3976,-94.9663
3977,-796.1565
3978,521.8542
3979,-730.1931
3980,-537.3802
3981,-245.6111
3982,-142.4066
3983,217.6027
3984,-715.0911
3985,-35.0912
3986,-616.9867
3987,-158.7513
3988,-534.4149
3989,-1305.0644
3990,-615.3372
3991,-798.3981
3992,-668.6267
3993,-573.2911
3994,-549.2531
3995,97.3395
3996,148.4708
3997,-231.4291
3998,25.672
3999,-900.3768
