sku_id,category,true_base_demand,true_price_elasticity,true_promo_uplift_pct,true_display_uplift_pct,true_email_app_uplift_pct,true_seasonality_strength,true_weekend_effect_pct,true_stockout_lost_sales_factor,true_cannibalisation_factor,true_margin_impact_of_promotion,true_demand_trend_pct_per_year,data_generation_notes,true_realised_att_pct
SKU0001,Fresh Produce,15.349,-1.8629,25.63,13.14,10.87,0.24,10.97,0.94,0.068,0.631,-16.69,"Latent demand includes category seasonality, store effect, price response, promotion effect, support-channel uplift, long-run trend, autocorrelation and random noise. IMPORTANT: true_promo_uplift_pct is a structural coefficient applied per 10 percentage points of discount, and it compounds with the separate price response. It is NOT the average treatment effect and must not be compared directly against a DiD or PSM estimate. Use true_realised_att_pct for that comparison.",134.607
SKU0002,Dairy & Eggs,29.38,-0.5808,20.62,8.73,8.93,0.14,6.57,0.994,0.038,0.33,-2.06,"Latent demand includes category seasonality, store effect, price response, promotion effect, support-channel uplift, long-run trend, autocorrelation and random noise. IMPORTANT: true_promo_uplift_pct is a structural coefficient applied per 10 percentage points of discount, and it compounds with the separate price response. It is NOT the average treatment effect and must not be compared directly against a DiD or PSM estimate. Use true_realised_att_pct for that comparison.",58.996
SKU0003,Ambient Grocery,15.062,-1.1856,28.57,10.33,8.72,0.07,5.38,0.748,0.059,0.334,8.99,"Latent demand includes category seasonality, store effect, price response, promotion effect, support-channel uplift, long-run trend, autocorrelation and random noise. IMPORTANT: true_promo_uplift_pct is a structural coefficient applied per 10 percentage points of discount, and it compounds with the separate price response. It is NOT the average treatment effect and must not be compared directly against a DiD or PSM estimate. Use true_realised_att_pct for that comparison.",93.457
SKU0004,Beverages,14.307,-1.493,24.94,10.45,5.55,0.24,3.47,0.886,0.07,0.239,-10.35,"Latent demand includes category seasonality, store effect, price response, promotion effect, support-channel uplift, long-run trend, autocorrelation and random noise. IMPORTANT: true_promo_uplift_pct is a structural coefficient applied per 10 percentage points of discount, and it compounds with the separate price response. It is NOT the average treatment effect and must not be compared directly against a DiD or PSM estimate. Use true_realised_att_pct for that comparison.",110.21
SKU0005,Bakery,16.815,-0.9808,22.26,12.99,6.3,0.14,9.98,0.762,0.085,0.703,-9.09,"Latent demand includes category seasonality, store effect, price response, promotion effect, support-channel uplift, long-run trend, autocorrelation and random noise. IMPORTANT: true_promo_uplift_pct is a structural coefficient applied per 10 percentage points of discount, and it compounds with the separate price response. It is NOT the average treatment effect and must not be compared directly against a DiD or PSM estimate. Use true_realised_att_pct for that comparison.",81.77
SKU0006,Fresh Produce,19.552,-1.8939,28.27,9.73,4.28,0.24,7.61,0.8,0.071,0.304,-12.52,"Latent demand includes category seasonality, store effect, price response, promotion effect, support-channel uplift, long-run trend, autocorrelation and random noise. IMPORTANT: true_promo_uplift_pct is a structural coefficient applied per 10 percentage points of discount, and it compounds with the separate price response. It is NOT the average treatment effect and must not be compared directly against a DiD or PSM estimate. Use true_realised_att_pct for that comparison.",129.744
SKU0007,Dairy & Eggs,11.216,-0.633,6.81,6.08,9.84,0.14,13.56,0.807,0.068,0.323,18.74,"Latent demand includes category seasonality, store effect, price response, promotion effect, support-channel uplift, long-run trend, autocorrelation and random noise. IMPORTANT: true_promo_uplift_pct is a structural coefficient applied per 10 percentage points of discount, and it compounds with the separate price response. It is NOT the average treatment effect and must not be compared directly against a DiD or PSM estimate. Use true_realised_att_pct for that comparison.",40.115
SKU0008,Frozen,3.641,-0.9247,18.64,10.24,7.92,0.14,6.27,0.899,0.081,0.292,3.66,"Latent demand includes category seasonality, store effect, price response, promotion effect, support-channel uplift, long-run trend, autocorrelation and random noise. IMPORTANT: true_promo_uplift_pct is a structural coefficient applied per 10 percentage points of discount, and it compounds with the separate price response. It is NOT the average treatment effect and must not be compared directly against a DiD or PSM estimate. Use true_realised_att_pct for that comparison.",65.466
SKU0009,Snacks & Confectionery,9.988,-1.3791,31.61,15.29,8.21,0.14,13.53,0.821,0.039,0.492,16.88,"Latent demand includes category seasonality, store effect, price response, promotion effect, support-channel uplift, long-run trend, autocorrelation and random noise. IMPORTANT: true_promo_uplift_pct is a structural coefficient applied per 10 percentage points of discount, and it compounds with the separate price response. It is NOT the average treatment effect and must not be compared directly against a DiD or PSM estimate. Use true_realised_att_pct for that comparison.",127.767
SKU0010,Seasonal,11.966,-1.4744,36.06,8.36,5.33,0.24,10.6,0.846,0.068,0.441,3.45,"Latent demand includes category seasonality, store effect, price response, promotion effect, support-channel uplift, long-run trend, autocorrelation and random noise. IMPORTANT: true_promo_uplift_pct is a structural coefficient applied per 10 percentage points of discount, and it compounds with the separate price response. It is NOT the average treatment effect and must not be compared directly against a DiD or PSM estimate. Use true_realised_att_pct for that comparison.",
SKU0011,Household & Cleaning,3.398,-0.6331,21.96,16.55,8.04,0.07,12.53,0.883,0.055,0.377,-23.08,"Latent demand includes category seasonality, store effect, price response, promotion effect, support-channel uplift, long-run trend, autocorrelation and random noise. IMPORTANT: true_promo_uplift_pct is a structural coefficient applied per 10 percentage points of discount, and it compounds with the separate price response. It is NOT the average treatment effect and must not be compared directly against a DiD or PSM estimate. Use true_realised_att_pct for that comparison.",71.119
SKU0012,Dairy & Eggs,19.78,-0.5682,25.2,6.09,9.81,0.14,3.7,0.857,0.069,0.309,18.93,"Latent demand includes category seasonality, store effect, price response, promotion effect, support-channel uplift, long-run trend, autocorrelation and random noise. IMPORTANT: true_promo_uplift_pct is a structural coefficient applied per 10 percentage points of discount, and it compounds with the separate price response. It is NOT the average treatment effect and must not be compared directly against a DiD or PSM estimate. Use true_realised_att_pct for that comparison.",70.303
SKU0013,Household & Cleaning,2.845,-1.1996,16.11,16.61,9.1,0.07,6.61,0.745,0.045,0.419,-20.86,"Latent demand includes category seasonality, store effect, price response, promotion effect, support-channel uplift, long-run trend, autocorrelation and random noise. IMPORTANT: true_promo_uplift_pct is a structural coefficient applied per 10 percentage points of discount, and it compounds with the separate price response. It is NOT the average treatment effect and must not be compared directly against a DiD or PSM estimate. Use true_realised_att_pct for that comparison.",85.535
SKU0014,Seasonal,8.344,-0.4997,40.28,8.76,9.65,0.24,5.39,0.994,0.038,0.432,5.31,"Latent demand includes category seasonality, store effect, price response, promotion effect, support-channel uplift, long-run trend, autocorrelation and random noise. IMPORTANT: true_promo_uplift_pct is a structural coefficient applied per 10 percentage points of discount, and it compounds with the separate price response. It is NOT the average treatment effect and must not be compared directly against a DiD or PSM estimate. Use true_realised_att_pct for that comparison.",105.304
SKU0015,Frozen,11.055,-1.0721,15.48,15.8,5.2,0.14,11.24,0.865,0.068,0.231,10.82,"Latent demand includes category seasonality, store effect, price response, promotion effect, support-channel uplift, long-run trend, autocorrelation and random noise. IMPORTANT: true_promo_uplift_pct is a structural coefficient applied per 10 percentage points of discount, and it compounds with the separate price response. It is NOT the average treatment effect and must not be compared directly against a DiD or PSM estimate. Use true_realised_att_pct for that comparison.",
SKU0016,Snacks & Confectionery,16.06,-1.4532,27.3,9.62,4.16,0.14,16.83,0.854,0.07,0.397,-11.87,"Latent demand includes category seasonality, store effect, price response, promotion effect, support-channel uplift, long-run trend, autocorrelation and random noise. IMPORTANT: true_promo_uplift_pct is a structural coefficient applied per 10 percentage points of discount, and it compounds with the separate price response. It is NOT the average treatment effect and must not be compared directly against a DiD or PSM estimate. Use true_realised_att_pct for that comparison.",115.456
SKU0017,Ambient Grocery,9.815,-0.9654,18.93,9.53,5.75,0.07,9.79,0.852,0.099,0.323,-21.23,"Latent demand includes category seasonality, store effect, price response, promotion effect, support-channel uplift, long-run trend, autocorrelation and random noise. IMPORTANT: true_promo_uplift_pct is a structural coefficient applied per 10 percentage points of discount, and it compounds with the separate price response. It is NOT the average treatment effect and must not be compared directly against a DiD or PSM estimate. Use true_realised_att_pct for that comparison.",74.805
SKU0018,Ambient Grocery,17.987,-1.0455,15.75,10.2,8.74,0.07,5.62,0.874,0.053,0.228,-9.95,"Latent demand includes category seasonality, store effect, price response, promotion effect, support-channel uplift, long-run trend, autocorrelation and random noise. IMPORTANT: true_promo_uplift_pct is a structural coefficient applied per 10 percentage points of discount, and it compounds with the separate price response. It is NOT the average treatment effect and must not be compared directly against a DiD or PSM estimate. Use true_realised_att_pct for that comparison.",70.617
SKU0019,Fresh Produce,9.446,-1.9072,31.21,15.41,6.33,0.24,17.06,0.787,0.053,0.617,-25.92,"Latent demand includes category seasonality, store effect, price response, promotion effect, support-channel uplift, long-run trend, autocorrelation and random noise. IMPORTANT: true_promo_uplift_pct is a structural coefficient applied per 10 percentage points of discount, and it compounds with the separate price response. It is NOT the average treatment effect and must not be compared directly against a DiD or PSM estimate. Use true_realised_att_pct for that comparison.",145.55
SKU0020,Dairy & Eggs,19.1,-0.519,7.86,17.94,7.44,0.14,13.34,0.893,0.086,0.674,14.24,"Latent demand includes category seasonality, store effect, price response, promotion effect, support-channel uplift, long-run trend, autocorrelation and random noise. IMPORTANT: true_promo_uplift_pct is a structural coefficient applied per 10 percentage points of discount, and it compounds with the separate price response. It is NOT the average treatment effect and must not be compared directly against a DiD or PSM estimate. Use true_realised_att_pct for that comparison.",41.206
SKU0021,Household & Cleaning,9.096,-1.0739,17.05,6.27,7.92,0.07,15.38,0.835,0.033,0.358,9.14,"Latent demand includes category seasonality, store effect, price response, promotion effect, support-channel uplift, long-run trend, autocorrelation and random noise. IMPORTANT: true_promo_uplift_pct is a structural coefficient applied per 10 percentage points of discount, and it compounds with the separate price response. It is NOT the average treatment effect and must not be compared directly against a DiD or PSM estimate. Use true_realised_att_pct for that comparison.",75.456
SKU0022,Bakery,20.634,-1.0538,21.93,8.06,7.9,0.14,14.3,0.981,0.029,0.71,11.38,"Latent demand includes category seasonality, store effect, price response, promotion effect, support-channel uplift, long-run trend, autocorrelation and random noise. IMPORTANT: true_promo_uplift_pct is a structural coefficient applied per 10 percentage points of discount, and it compounds with the separate price response. It is NOT the average treatment effect and must not be compared directly against a DiD or PSM estimate. Use true_realised_att_pct for that comparison.",80.165
SKU0023,Frozen,5.612,-1.0884,36.68,6.65,7.05,0.14,12.34,0.792,0.055,0.505,-26.88,"Latent demand includes category seasonality, store effect, price response, promotion effect, support-channel uplift, long-run trend, autocorrelation and random noise. IMPORTANT: true_promo_uplift_pct is a structural coefficient applied per 10 percentage points of discount, and it compounds with the separate price response. It is NOT the average treatment effect and must not be compared directly against a DiD or PSM estimate. Use true_realised_att_pct for that comparison.",118.819
SKU0024,Fresh Produce,30.048,-1.6812,25.45,11.27,4.71,0.24,16.75,0.993,0.044,0.296,10.77,"Latent demand includes category seasonality, store effect, price response, promotion effect, support-channel uplift, long-run trend, autocorrelation and random noise. IMPORTANT: true_promo_uplift_pct is a structural coefficient applied per 10 percentage points of discount, and it compounds with the separate price response. It is NOT the average treatment effect and must not be compared directly against a DiD or PSM estimate. Use true_realised_att_pct for that comparison.",114.748
SKU0025,Beverages,9.36,-0.4945,32.21,16.49,7.0,0.24,3.83,0.712,0.038,0.664,5.99,"Latent demand includes category seasonality, store effect, price response, promotion effect, support-channel uplift, long-run trend, autocorrelation and random noise. IMPORTANT: true_promo_uplift_pct is a structural coefficient applied per 10 percentage points of discount, and it compounds with the separate price response. It is NOT the average treatment effect and must not be compared directly against a DiD or PSM estimate. Use true_realised_att_pct for that comparison.",97.069
SKU0026,Fresh Produce,12.301,-1.7222,33.53,9.83,10.44,0.24,7.97,0.95,0.092,0.466,-10.63,"Latent demand includes category seasonality, store effect, price response, promotion effect, support-channel uplift, long-run trend, autocorrelation and random noise. IMPORTANT: true_promo_uplift_pct is a structural coefficient applied per 10 percentage points of discount, and it compounds with the separate price response. It is NOT the average treatment effect and must not be compared directly against a DiD or PSM estimate. Use true_realised_att_pct for that comparison.",158.349
SKU0027,Ambient Grocery,5.456,-1.199,16.89,13.9,3.7,0.07,10.11,0.765,0.025,0.202,-10.26,"Latent demand includes category seasonality, store effect, price response, promotion effect, support-channel uplift, long-run trend, autocorrelation and random noise. IMPORTANT: true_promo_uplift_pct is a structural coefficient applied per 10 percentage points of discount, and it compounds with the separate price response. It is NOT the average treatment effect and must not be compared directly against a DiD or PSM estimate. Use true_realised_att_pct for that comparison.",76.685
SKU0028,Seasonal,2.959,-0.9838,33.94,11.46,5.41,0.24,17.87,0.982,0.03,0.428,-13.29,"Latent demand includes category seasonality, store effect, price response, promotion effect, support-channel uplift, long-run trend, autocorrelation and random noise. IMPORTANT: true_promo_uplift_pct is a structural coefficient applied per 10 percentage points of discount, and it compounds with the separate price response. It is NOT the average treatment effect and must not be compared directly against a DiD or PSM estimate. Use true_realised_att_pct for that comparison.",
SKU0029,Fresh Produce,26.766,-1.7384,36.17,10.4,8.97,0.24,4.86,0.8,0.077,0.544,-3.91,"Latent demand includes category seasonality, store effect, price response, promotion effect, support-channel uplift, long-run trend, autocorrelation and random noise. IMPORTANT: true_promo_uplift_pct is a structural coefficient applied per 10 percentage points of discount, and it compounds with the separate price response. It is NOT the average treatment effect and must not be compared directly against a DiD or PSM estimate. Use true_realised_att_pct for that comparison.",158.07
SKU0030,Ambient Grocery,8.109,-1.1775,14.82,8.09,3.39,0.07,5.88,0.701,0.06,0.491,-12.67,"Latent demand includes category seasonality, store effect, price response, promotion effect, support-channel uplift, long-run trend, autocorrelation and random noise. IMPORTANT: true_promo_uplift_pct is a structural coefficient applied per 10 percentage points of discount, and it compounds with the separate price response. It is NOT the average treatment effect and must not be compared directly against a DiD or PSM estimate. Use true_realised_att_pct for that comparison.",65.731
SKU0031,Health & Beauty,6.624,-0.5813,30.77,6.04,8.39,0.07,3.81,0.96,0.022,0.492,0.28,"Latent demand includes category seasonality, store effect, price response, promotion effect, support-channel uplift, long-run trend, autocorrelation and random noise. IMPORTANT: true_promo_uplift_pct is a structural coefficient applied per 10 percentage points of discount, and it compounds with the separate price response. It is NOT the average treatment effect and must not be compared directly against a DiD or PSM estimate. Use true_realised_att_pct for that comparison.",
SKU0032,Beverages,18.763,-1.8846,33.67,13.3,8.45,0.24,4.84,0.902,0.09,0.736,-12.05,"Latent demand includes category seasonality, store effect, price response, promotion effect, support-channel uplift, long-run trend, autocorrelation and random noise. IMPORTANT: true_promo_uplift_pct is a structural coefficient applied per 10 percentage points of discount, and it compounds with the separate price response. It is NOT the average treatment effect and must not be compared directly against a DiD or PSM estimate. Use true_realised_att_pct for that comparison.",166.867
SKU0033,Seasonal,7.045,-1.6162,30.14,15.04,7.34,0.24,6.86,0.752,0.034,0.453,-23.3,"Latent demand includes category seasonality, store effect, price response, promotion effect, support-channel uplift, long-run trend, autocorrelation and random noise. IMPORTANT: true_promo_uplift_pct is a structural coefficient applied per 10 percentage points of discount, and it compounds with the separate price response. It is NOT the average treatment effect and must not be compared directly against a DiD or PSM estimate. Use true_realised_att_pct for that comparison.",133.871
SKU0034,Snacks & Confectionery,18.506,-1.4541,25.11,6.63,10.44,0.14,4.09,0.722,0.056,0.335,-19.08,"Latent demand includes category seasonality, store effect, price response, promotion effect, support-channel uplift, long-run trend, autocorrelation and random noise. IMPORTANT: true_promo_uplift_pct is a structural coefficient applied per 10 percentage points of discount, and it compounds with the separate price response. It is NOT the average treatment effect and must not be compared directly against a DiD or PSM estimate. Use true_realised_att_pct for that comparison.",114.523
SKU0035,Household & Cleaning,10.956,-1.2249,22.6,10.86,6.59,0.07,8.63,0.711,0.043,0.267,14.35,"Latent demand includes category seasonality, store effect, price response, promotion effect, support-channel uplift, long-run trend, autocorrelation and random noise. IMPORTANT: true_promo_uplift_pct is a structural coefficient applied per 10 percentage points of discount, and it compounds with the separate price response. It is NOT the average treatment effect and must not be compared directly against a DiD or PSM estimate. Use true_realised_att_pct for that comparison.",102.311
SKU0036,Household & Cleaning,9.176,-0.8997,19.45,7.19,3.82,0.07,10.21,0.833,0.031,0.202,6.39,"Latent demand includes category seasonality, store effect, price response, promotion effect, support-channel uplift, long-run trend, autocorrelation and random noise. IMPORTANT: true_promo_uplift_pct is a structural coefficient applied per 10 percentage points of discount, and it compounds with the separate price response. It is NOT the average treatment effect and must not be compared directly against a DiD or PSM estimate. Use true_realised_att_pct for that comparison.",
SKU0037,Dairy & Eggs,9.478,-0.4892,28.46,15.6,10.32,0.14,9.09,0.822,0.077,0.545,5.05,"Latent demand includes category seasonality, store effect, price response, promotion effect, support-channel uplift, long-run trend, autocorrelation and random noise. IMPORTANT: true_promo_uplift_pct is a structural coefficient applied per 10 percentage points of discount, and it compounds with the separate price response. It is NOT the average treatment effect and must not be compared directly against a DiD or PSM estimate. Use true_realised_att_pct for that comparison.",78.182
SKU0038,Ambient Grocery,16.636,-0.9306,15.37,11.25,7.52,0.07,5.08,0.788,0.044,0.344,-8.27,"Latent demand includes category seasonality, store effect, price response, promotion effect, support-channel uplift, long-run trend, autocorrelation and random noise. IMPORTANT: true_promo_uplift_pct is a structural coefficient applied per 10 percentage points of discount, and it compounds with the separate price response. It is NOT the average treatment effect and must not be compared directly against a DiD or PSM estimate. Use true_realised_att_pct for that comparison.",72.958
SKU0039,Beverages,18.713,-1.6267,34.92,12.11,4.61,0.24,4.54,0.947,0.058,0.234,5.5,"Latent demand includes category seasonality, store effect, price response, promotion effect, support-channel uplift, long-run trend, autocorrelation and random noise. IMPORTANT: true_promo_uplift_pct is a structural coefficient applied per 10 percentage points of discount, and it compounds with the separate price response. It is NOT the average treatment effect and must not be compared directly against a DiD or PSM estimate. Use true_realised_att_pct for that comparison.",
SKU0040,Beverages,7.039,-0.9586,37.26,15.02,10.01,0.24,12.03,0.827,0.054,0.307,-29.02,"Latent demand includes category seasonality, store effect, price response, promotion effect, support-channel uplift, long-run trend, autocorrelation and random noise. IMPORTANT: true_promo_uplift_pct is a structural coefficient applied per 10 percentage points of discount, and it compounds with the separate price response. It is NOT the average treatment effect and must not be compared directly against a DiD or PSM estimate. Use true_realised_att_pct for that comparison.",119.27
SKU0041,Fresh Produce,13.797,-1.7396,33.87,7.86,10.09,0.24,8.53,0.715,0.046,0.678,4.7,"Latent demand includes category seasonality, store effect, price response, promotion effect, support-channel uplift, long-run trend, autocorrelation and random noise. IMPORTANT: true_promo_uplift_pct is a structural coefficient applied per 10 percentage points of discount, and it compounds with the separate price response. It is NOT the average treatment effect and must not be compared directly against a DiD or PSM estimate. Use true_realised_att_pct for that comparison.",152.327
SKU0042,Ambient Grocery,6.905,-1.2076,18.81,17.48,10.0,0.07,15.38,0.958,0.051,0.616,11.54,"Latent demand includes category seasonality, store effect, price response, promotion effect, support-channel uplift, long-run trend, autocorrelation and random noise. IMPORTANT: true_promo_uplift_pct is a structural coefficient applied per 10 percentage points of discount, and it compounds with the separate price response. It is NOT the average treatment effect and must not be compared directly against a DiD or PSM estimate. Use true_realised_att_pct for that comparison.",88.443
SKU0043,Ambient Grocery,3.139,-1.0792,20.88,8.13,8.85,0.07,17.36,0.791,0.099,0.408,7.33,"Latent demand includes category seasonality, store effect, price response, promotion effect, support-channel uplift, long-run trend, autocorrelation and random noise. IMPORTANT: true_promo_uplift_pct is a structural coefficient applied per 10 percentage points of discount, and it compounds with the separate price response. It is NOT the average treatment effect and must not be compared directly against a DiD or PSM estimate. Use true_realised_att_pct for that comparison.",91.19
SKU0044,Fresh Produce,31.954,-0.9365,26.54,15.42,7.44,0.24,7.61,0.883,0.047,0.447,-1.86,"Latent demand includes category seasonality, store effect, price response, promotion effect, support-channel uplift, long-run trend, autocorrelation and random noise. IMPORTANT: true_promo_uplift_pct is a structural coefficient applied per 10 percentage points of discount, and it compounds with the separate price response. It is NOT the average treatment effect and must not be compared directly against a DiD or PSM estimate. Use true_realised_att_pct for that comparison.",
SKU0045,Ambient Grocery,3.448,-1.1871,20.41,15.15,7.67,0.07,17.87,0.772,0.041,0.251,-23.4,"Latent demand includes category seasonality, store effect, price response, promotion effect, support-channel uplift, long-run trend, autocorrelation and random noise. IMPORTANT: true_promo_uplift_pct is a structural coefficient applied per 10 percentage points of discount, and it compounds with the separate price response. It is NOT the average treatment effect and must not be compared directly against a DiD or PSM estimate. Use true_realised_att_pct for that comparison.",93.946
SKU0046,Bakery,17.653,-0.5607,19.92,14.71,5.68,0.14,3.18,0.89,0.1,0.362,-17.63,"Latent demand includes category seasonality, store effect, price response, promotion effect, support-channel uplift, long-run trend, autocorrelation and random noise. IMPORTANT: true_promo_uplift_pct is a structural coefficient applied per 10 percentage points of discount, and it compounds with the separate price response. It is NOT the average treatment effect and must not be compared directly against a DiD or PSM estimate. Use true_realised_att_pct for that comparison.",67.53
SKU0047,Fresh Produce,26.581,-0.4874,29.17,11.1,5.01,0.24,8.2,0.891,0.048,0.418,-23.44,"Latent demand includes category seasonality, store effect, price response, promotion effect, support-channel uplift, long-run trend, autocorrelation and random noise. IMPORTANT: true_promo_uplift_pct is a structural coefficient applied per 10 percentage points of discount, and it compounds with the separate price response. It is NOT the average treatment effect and must not be compared directly against a DiD or PSM estimate. Use true_realised_att_pct for that comparison.",77.878
SKU0048,Beverages,27.994,-1.3768,39.03,10.88,5.63,0.24,4.3,0.89,0.089,0.223,-16.93,"Latent demand includes category seasonality, store effect, price response, promotion effect, support-channel uplift, long-run trend, autocorrelation and random noise. IMPORTANT: true_promo_uplift_pct is a structural coefficient applied per 10 percentage points of discount, and it compounds with the separate price response. It is NOT the average treatment effect and must not be compared directly against a DiD or PSM estimate. Use true_realised_att_pct for that comparison.",147.001
SKU0049,Frozen,5.395,-0.4798,15.72,13.23,10.37,0.14,9.57,0.803,0.081,0.608,-15.94,"Latent demand includes category seasonality, store effect, price response, promotion effect, support-channel uplift, long-run trend, autocorrelation and random noise. IMPORTANT: true_promo_uplift_pct is a structural coefficient applied per 10 percentage points of discount, and it compounds with the separate price response. It is NOT the average treatment effect and must not be compared directly against a DiD or PSM estimate. Use true_realised_att_pct for that comparison.",56.077
SKU0050,Snacks & Confectionery,20.962,-1.4996,27.29,10.29,9.2,0.14,13.43,0.9,0.086,0.352,-5.92,"Latent demand includes category seasonality, store effect, price response, promotion effect, support-channel uplift, long-run trend, autocorrelation and random noise. IMPORTANT: true_promo_uplift_pct is a structural coefficient applied per 10 percentage points of discount, and it compounds with the separate price response. It is NOT the average treatment effect and must not be compared directly against a DiD or PSM estimate. Use true_realised_att_pct for that comparison.",124.729
SKU0051,Snacks & Confectionery,23.708,-1.5548,25.46,16.42,7.66,0.14,7.47,0.721,0.078,0.612,-7.88,"Latent demand includes category seasonality, store effect, price response, promotion effect, support-channel uplift, long-run trend, autocorrelation and random noise. IMPORTANT: true_promo_uplift_pct is a structural coefficient applied per 10 percentage points of discount, and it compounds with the separate price response. It is NOT the average treatment effect and must not be compared directly against a DiD or PSM estimate. Use true_realised_att_pct for that comparison.",110.75
SKU0052,Ambient Grocery,7.172,-1.1128,16.23,16.96,9.03,0.07,12.87,0.895,0.092,0.711,7.97,"Latent demand includes category seasonality, store effect, price response, promotion effect, support-channel uplift, long-run trend, autocorrelation and random noise. IMPORTANT: true_promo_uplift_pct is a structural coefficient applied per 10 percentage points of discount, and it compounds with the separate price response. It is NOT the average treatment effect and must not be compared directly against a DiD or PSM estimate. Use true_realised_att_pct for that comparison.",83.447
SKU0053,Frozen,13.521,-1.0862,18.15,10.36,9.55,0.14,12.67,0.723,0.031,0.695,0.71,"Latent demand includes category seasonality, store effect, price response, promotion effect, support-channel uplift, long-run trend, autocorrelation and random noise. IMPORTANT: true_promo_uplift_pct is a structural coefficient applied per 10 percentage points of discount, and it compounds with the separate price response. It is NOT the average treatment effect and must not be compared directly against a DiD or PSM estimate. Use true_realised_att_pct for that comparison.",
SKU0054,Seasonal,4.292,-1.8784,39.55,11.13,9.27,0.24,15.42,0.795,0.032,0.748,-5.74,"Latent demand includes category seasonality, store effect, price response, promotion effect, support-channel uplift, long-run trend, autocorrelation and random noise. IMPORTANT: true_promo_uplift_pct is a structural coefficient applied per 10 percentage points of discount, and it compounds with the separate price response. It is NOT the average treatment effect and must not be compared directly against a DiD or PSM estimate. Use true_realised_att_pct for that comparison.",178.953
SKU0055,Beverages,8.911,-1.371,34.06,13.8,8.45,0.24,6.83,0.916,0.037,0.656,-1.16,"Latent demand includes category seasonality, store effect, price response, promotion effect, support-channel uplift, long-run trend, autocorrelation and random noise. IMPORTANT: true_promo_uplift_pct is a structural coefficient applied per 10 percentage points of discount, and it compounds with the separate price response. It is NOT the average treatment effect and must not be compared directly against a DiD or PSM estimate. Use true_realised_att_pct for that comparison.",140.608
SKU0056,Bakery,10.386,-0.9438,35.6,15.4,4.51,0.14,6.57,0.934,0.027,0.305,-12.4,"Latent demand includes category seasonality, store effect, price response, promotion effect, support-channel uplift, long-run trend, autocorrelation and random noise. IMPORTANT: true_promo_uplift_pct is a structural coefficient applied per 10 percentage points of discount, and it compounds with the separate price response. It is NOT the average treatment effect and must not be compared directly against a DiD or PSM estimate. Use true_realised_att_pct for that comparison.",
SKU0057,Snacks & Confectionery,16.088,-0.5412,39.22,12.74,6.1,0.14,17.68,0.839,0.055,0.426,-15.81,"Latent demand includes category seasonality, store effect, price response, promotion effect, support-channel uplift, long-run trend, autocorrelation and random noise. IMPORTANT: true_promo_uplift_pct is a structural coefficient applied per 10 percentage points of discount, and it compounds with the separate price response. It is NOT the average treatment effect and must not be compared directly against a DiD or PSM estimate. Use true_realised_att_pct for that comparison.",100.801
SKU0058,Fresh Produce,30.913,-1.5384,29.85,14.25,3.33,0.24,13.23,0.76,0.051,0.281,-35.0,"Latent demand includes category seasonality, store effect, price response, promotion effect, support-channel uplift, long-run trend, autocorrelation and random noise. IMPORTANT: true_promo_uplift_pct is a structural coefficient applied per 10 percentage points of discount, and it compounds with the separate price response. It is NOT the average treatment effect and must not be compared directly against a DiD or PSM estimate. Use true_realised_att_pct for that comparison.",125.754
SKU0059,Bakery,20.419,-1.0699,20.96,10.26,4.31,0.14,6.4,0.945,0.041,0.626,-2.43,"Latent demand includes category seasonality, store effect, price response, promotion effect, support-channel uplift, long-run trend, autocorrelation and random noise. IMPORTANT: true_promo_uplift_pct is a structural coefficient applied per 10 percentage points of discount, and it compounds with the separate price response. It is NOT the average treatment effect and must not be compared directly against a DiD or PSM estimate. Use true_realised_att_pct for that comparison.",
SKU0060,Dairy & Eggs,22.519,-0.5166,16.1,14.73,6.75,0.14,3.47,0.988,0.032,0.394,-19.0,"Latent demand includes category seasonality, store effect, price response, promotion effect, support-channel uplift, long-run trend, autocorrelation and random noise. IMPORTANT: true_promo_uplift_pct is a structural coefficient applied per 10 percentage points of discount, and it compounds with the separate price response. It is NOT the average treatment effect and must not be compared directly against a DiD or PSM estimate. Use true_realised_att_pct for that comparison.",53.445
SKU0061,Seasonal,9.58,-1.5816,32.39,15.43,3.05,0.24,16.99,0.894,0.096,0.65,8.45,"Latent demand includes category seasonality, store effect, price response, promotion effect, support-channel uplift, long-run trend, autocorrelation and random noise. IMPORTANT: true_promo_uplift_pct is a structural coefficient applied per 10 percentage points of discount, and it compounds with the separate price response. It is NOT the average treatment effect and must not be compared directly against a DiD or PSM estimate. Use true_realised_att_pct for that comparison.",
SKU0062,Ambient Grocery,9.601,-1.2117,19.81,10.29,6.54,0.07,12.87,0.828,0.079,0.251,-1.96,"Latent demand includes category seasonality, store effect, price response, promotion effect, support-channel uplift, long-run trend, autocorrelation and random noise. IMPORTANT: true_promo_uplift_pct is a structural coefficient applied per 10 percentage points of discount, and it compounds with the separate price response. It is NOT the average treatment effect and must not be compared directly against a DiD or PSM estimate. Use true_realised_att_pct for that comparison.",85.029
SKU0063,Beverages,10.021,-1.1747,27.96,17.33,4.24,0.24,4.94,0.944,0.085,0.606,5.44,"Latent demand includes category seasonality, store effect, price response, promotion effect, support-channel uplift, long-run trend, autocorrelation and random noise. IMPORTANT: true_promo_uplift_pct is a structural coefficient applied per 10 percentage points of discount, and it compounds with the separate price response. It is NOT the average treatment effect and must not be compared directly against a DiD or PSM estimate. Use true_realised_att_pct for that comparison.",114.397
SKU0064,Health & Beauty,6.483,-0.6412,16.83,15.92,5.82,0.07,11.06,0.834,0.02,0.516,3.82,"Latent demand includes category seasonality, store effect, price response, promotion effect, support-channel uplift, long-run trend, autocorrelation and random noise. IMPORTANT: true_promo_uplift_pct is a structural coefficient applied per 10 percentage points of discount, and it compounds with the separate price response. It is NOT the average treatment effect and must not be compared directly against a DiD or PSM estimate. Use true_realised_att_pct for that comparison.",62.53
SKU0065,Household & Cleaning,11.239,-1.1436,15.97,17.18,7.24,0.07,5.67,0.894,0.035,0.235,-13.47,"Latent demand includes category seasonality, store effect, price response, promotion effect, support-channel uplift, long-run trend, autocorrelation and random noise. IMPORTANT: true_promo_uplift_pct is a structural coefficient applied per 10 percentage points of discount, and it compounds with the separate price response. It is NOT the average treatment effect and must not be compared directly against a DiD or PSM estimate. Use true_realised_att_pct for that comparison.",
SKU0066,Snacks & Confectionery,9.377,-0.5867,26.52,7.27,8.92,0.14,3.83,0.943,0.084,0.278,-7.48,"Latent demand includes category seasonality, store effect, price response, promotion effect, support-channel uplift, long-run trend, autocorrelation and random noise. IMPORTANT: true_promo_uplift_pct is a structural coefficient applied per 10 percentage points of discount, and it compounds with the separate price response. It is NOT the average treatment effect and must not be compared directly against a DiD or PSM estimate. Use true_realised_att_pct for that comparison.",80.199
SKU0067,Bakery,15.879,-1.0569,26.3,13.59,3.5,0.14,17.17,0.762,0.075,0.271,30.0,"Latent demand includes category seasonality, store effect, price response, promotion effect, support-channel uplift, long-run trend, autocorrelation and random noise. IMPORTANT: true_promo_uplift_pct is a structural coefficient applied per 10 percentage points of discount, and it compounds with the separate price response. It is NOT the average treatment effect and must not be compared directly against a DiD or PSM estimate. Use true_realised_att_pct for that comparison.",
SKU0068,Seasonal,6.505,-1.4775,31.79,12.88,10.99,0.24,3.39,0.7,0.048,0.401,-9.15,"Latent demand includes category seasonality, store effect, price response, promotion effect, support-channel uplift, long-run trend, autocorrelation and random noise. IMPORTANT: true_promo_uplift_pct is a structural coefficient applied per 10 percentage points of discount, and it compounds with the separate price response. It is NOT the average treatment effect and must not be compared directly against a DiD or PSM estimate. Use true_realised_att_pct for that comparison.",126.046
SKU0069,Beverages,25.496,-1.878,38.95,16.57,4.15,0.24,9.18,0.924,0.045,0.565,-15.17,"Latent demand includes category seasonality, store effect, price response, promotion effect, support-channel uplift, long-run trend, autocorrelation and random noise. IMPORTANT: true_promo_uplift_pct is a structural coefficient applied per 10 percentage points of discount, and it compounds with the separate price response. It is NOT the average treatment effect and must not be compared directly against a DiD or PSM estimate. Use true_realised_att_pct for that comparison.",179.82
SKU0070,Household & Cleaning,3.535,-0.498,17.31,16.33,5.0,0.07,17.46,0.792,0.022,0.34,2.22,"Latent demand includes category seasonality, store effect, price response, promotion effect, support-channel uplift, long-run trend, autocorrelation and random noise. IMPORTANT: true_promo_uplift_pct is a structural coefficient applied per 10 percentage points of discount, and it compounds with the separate price response. It is NOT the average treatment effect and must not be compared directly against a DiD or PSM estimate. Use true_realised_att_pct for that comparison.",55.159
SKU0071,Fresh Produce,23.09,-1.4547,32.66,7.35,8.01,0.24,16.12,0.809,0.033,0.42,-10.23,"Latent demand includes category seasonality, store effect, price response, promotion effect, support-channel uplift, long-run trend, autocorrelation and random noise. IMPORTANT: true_promo_uplift_pct is a structural coefficient applied per 10 percentage points of discount, and it compounds with the separate price response. It is NOT the average treatment effect and must not be compared directly against a DiD or PSM estimate. Use true_realised_att_pct for that comparison.",126.957
SKU0072,Ambient Grocery,4.784,-0.6066,19.72,7.21,7.3,0.07,10.02,0.798,0.029,0.74,3.68,"Latent demand includes category seasonality, store effect, price response, promotion effect, support-channel uplift, long-run trend, autocorrelation and random noise. IMPORTANT: true_promo_uplift_pct is a structural coefficient applied per 10 percentage points of discount, and it compounds with the separate price response. It is NOT the average treatment effect and must not be compared directly against a DiD or PSM estimate. Use true_realised_att_pct for that comparison.",65.392
SKU0073,Bakery,11.637,-0.9275,27.79,7.75,7.56,0.14,9.66,0.775,0.054,0.57,-6.36,"Latent demand includes category seasonality, store effect, price response, promotion effect, support-channel uplift, long-run trend, autocorrelation and random noise. IMPORTANT: true_promo_uplift_pct is a structural coefficient applied per 10 percentage points of discount, and it compounds with the separate price response. It is NOT the average treatment effect and must not be compared directly against a DiD or PSM estimate. Use true_realised_att_pct for that comparison.",93.544
SKU0074,Snacks & Confectionery,20.158,-0.5068,38.99,9.68,4.59,0.14,17.32,0.943,0.047,0.663,-21.2,"Latent demand includes category seasonality, store effect, price response, promotion effect, support-channel uplift, long-run trend, autocorrelation and random noise. IMPORTANT: true_promo_uplift_pct is a structural coefficient applied per 10 percentage points of discount, and it compounds with the separate price response. It is NOT the average treatment effect and must not be compared directly against a DiD or PSM estimate. Use true_realised_att_pct for that comparison.",87.378
SKU0075,Ambient Grocery,16.354,-1.0571,17.52,16.08,9.02,0.07,7.47,0.882,0.05,0.201,16.38,"Latent demand includes category seasonality, store effect, price response, promotion effect, support-channel uplift, long-run trend, autocorrelation and random noise. IMPORTANT: true_promo_uplift_pct is a structural coefficient applied per 10 percentage points of discount, and it compounds with the separate price response. It is NOT the average treatment effect and must not be compared directly against a DiD or PSM estimate. Use true_realised_att_pct for that comparison.",74.288
SKU0076,Health & Beauty,2.078,-0.6414,19.35,13.18,7.8,0.07,11.26,0.787,0.098,0.542,-9.81,"Latent demand includes category seasonality, store effect, price response, promotion effect, support-channel uplift, long-run trend, autocorrelation and random noise. IMPORTANT: true_promo_uplift_pct is a structural coefficient applied per 10 percentage points of discount, and it compounds with the separate price response. It is NOT the average treatment effect and must not be compared directly against a DiD or PSM estimate. Use true_realised_att_pct for that comparison.",60.802
SKU0077,Ambient Grocery,4.83,-1.1146,18.49,9.45,3.51,0.07,8.25,0.753,0.073,0.683,13.9,"Latent demand includes category seasonality, store effect, price response, promotion effect, support-channel uplift, long-run trend, autocorrelation and random noise. IMPORTANT: true_promo_uplift_pct is a structural coefficient applied per 10 percentage points of discount, and it compounds with the separate price response. It is NOT the average treatment effect and must not be compared directly against a DiD or PSM estimate. Use true_realised_att_pct for that comparison.",77.213
SKU0078,Household & Cleaning,6.986,-0.9754,17.4,14.04,4.19,0.07,16.94,0.809,0.028,0.296,-0.96,"Latent demand includes category seasonality, store effect, price response, promotion effect, support-channel uplift, long-run trend, autocorrelation and random noise. IMPORTANT: true_promo_uplift_pct is a structural coefficient applied per 10 percentage points of discount, and it compounds with the separate price response. It is NOT the average treatment effect and must not be compared directly against a DiD or PSM estimate. Use true_realised_att_pct for that comparison.",70.956
SKU0079,Beverages,32.876,-1.9071,28.63,13.95,4.25,0.24,5.91,0.964,0.032,0.21,-23.69,"Latent demand includes category seasonality, store effect, price response, promotion effect, support-channel uplift, long-run trend, autocorrelation and random noise. IMPORTANT: true_promo_uplift_pct is a structural coefficient applied per 10 percentage points of discount, and it compounds with the separate price response. It is NOT the average treatment effect and must not be compared directly against a DiD or PSM estimate. Use true_realised_att_pct for that comparison.",150.116
SKU0080,Dairy & Eggs,23.909,-0.5502,22.16,9.91,4.03,0.14,17.73,0.903,0.088,0.614,-0.83,"Latent demand includes category seasonality, store effect, price response, promotion effect, support-channel uplift, long-run trend, autocorrelation and random noise. IMPORTANT: true_promo_uplift_pct is a structural coefficient applied per 10 percentage points of discount, and it compounds with the separate price response. It is NOT the average treatment effect and must not be compared directly against a DiD or PSM estimate. Use true_realised_att_pct for that comparison.",70.066
SKU0081,Frozen,3.055,-1.1249,17.86,9.89,8.74,0.14,13.75,0.985,0.065,0.362,-9.2,"Latent demand includes category seasonality, store effect, price response, promotion effect, support-channel uplift, long-run trend, autocorrelation and random noise. IMPORTANT: true_promo_uplift_pct is a structural coefficient applied per 10 percentage points of discount, and it compounds with the separate price response. It is NOT the average treatment effect and must not be compared directly against a DiD or PSM estimate. Use true_realised_att_pct for that comparison.",75.033
SKU0082,Frozen,9.781,-1.046,19.92,11.12,9.33,0.14,11.77,0.703,0.066,0.548,0.04,"Latent demand includes category seasonality, store effect, price response, promotion effect, support-channel uplift, long-run trend, autocorrelation and random noise. IMPORTANT: true_promo_uplift_pct is a structural coefficient applied per 10 percentage points of discount, and it compounds with the separate price response. It is NOT the average treatment effect and must not be compared directly against a DiD or PSM estimate. Use true_realised_att_pct for that comparison.",70.893
SKU0083,Snacks & Confectionery,14.635,-0.6322,31.21,12.89,6.8,0.14,10.97,0.72,0.092,0.701,-5.01,"Latent demand includes category seasonality, store effect, price response, promotion effect, support-channel uplift, long-run trend, autocorrelation and random noise. IMPORTANT: true_promo_uplift_pct is a structural coefficient applied per 10 percentage points of discount, and it compounds with the separate price response. It is NOT the average treatment effect and must not be compared directly against a DiD or PSM estimate. Use true_realised_att_pct for that comparison.",
SKU0084,Beverages,6.695,-1.6785,33.43,6.69,7.78,0.24,9.44,0.913,0.024,0.591,2.51,"Latent demand includes category seasonality, store effect, price response, promotion effect, support-channel uplift, long-run trend, autocorrelation and random noise. IMPORTANT: true_promo_uplift_pct is a structural coefficient applied per 10 percentage points of discount, and it compounds with the separate price response. It is NOT the average treatment effect and must not be compared directly against a DiD or PSM estimate. Use true_realised_att_pct for that comparison.",142.798
SKU0085,Snacks & Confectionery,6.936,-0.5078,34.9,13.53,4.81,0.14,9.61,0.951,0.068,0.238,8.52,"Latent demand includes category seasonality, store effect, price response, promotion effect, support-channel uplift, long-run trend, autocorrelation and random noise. IMPORTANT: true_promo_uplift_pct is a structural coefficient applied per 10 percentage points of discount, and it compounds with the separate price response. It is NOT the average treatment effect and must not be compared directly against a DiD or PSM estimate. Use true_realised_att_pct for that comparison.",90.809
SKU0086,Household & Cleaning,11.587,-1.0284,17.21,13.7,7.92,0.07,3.16,0.882,0.079,0.623,1.92,"Latent demand includes category seasonality, store effect, price response, promotion effect, support-channel uplift, long-run trend, autocorrelation and random noise. IMPORTANT: true_promo_uplift_pct is a structural coefficient applied per 10 percentage points of discount, and it compounds with the separate price response. It is NOT the average treatment effect and must not be compared directly against a DiD or PSM estimate. Use true_realised_att_pct for that comparison.",77.095
SKU0087,Dairy & Eggs,16.739,-0.4627,29.51,11.06,4.44,0.14,9.31,0.721,0.029,0.568,-6.53,"Latent demand includes category seasonality, store effect, price response, promotion effect, support-channel uplift, long-run trend, autocorrelation and random noise. IMPORTANT: true_promo_uplift_pct is a structural coefficient applied per 10 percentage points of discount, and it compounds with the separate price response. It is NOT the average treatment effect and must not be compared directly against a DiD or PSM estimate. Use true_realised_att_pct for that comparison.",77.838
SKU0088,Seasonal,11.948,-1.509,35.83,6.58,7.5,0.24,8.87,0.939,0.083,0.407,-21.26,"Latent demand includes category seasonality, store effect, price response, promotion effect, support-channel uplift, long-run trend, autocorrelation and random noise. IMPORTANT: true_promo_uplift_pct is a structural coefficient applied per 10 percentage points of discount, and it compounds with the separate price response. It is NOT the average treatment effect and must not be compared directly against a DiD or PSM estimate. Use true_realised_att_pct for that comparison.",132.294
SKU0089,Snacks & Confectionery,6.549,-0.5743,28.33,12.96,3.65,0.14,9.52,0.755,0.091,0.445,2.04,"Latent demand includes category seasonality, store effect, price response, promotion effect, support-channel uplift, long-run trend, autocorrelation and random noise. IMPORTANT: true_promo_uplift_pct is a structural coefficient applied per 10 percentage points of discount, and it compounds with the separate price response. It is NOT the average treatment effect and must not be compared directly against a DiD or PSM estimate. Use true_realised_att_pct for that comparison.",84.791
SKU0090,Health & Beauty,1.393,-1.0843,7.84,9.46,4.62,0.07,16.68,0.94,0.031,0.611,-4.45,"Latent demand includes category seasonality, store effect, price response, promotion effect, support-channel uplift, long-run trend, autocorrelation and random noise. IMPORTANT: true_promo_uplift_pct is a structural coefficient applied per 10 percentage points of discount, and it compounds with the separate price response. It is NOT the average treatment effect and must not be compared directly against a DiD or PSM estimate. Use true_realised_att_pct for that comparison.",48.69
SKU0091,Bakery,11.745,-1.0192,14.54,12.34,4.04,0.14,6.15,0.909,0.041,0.691,9.95,"Latent demand includes category seasonality, store effect, price response, promotion effect, support-channel uplift, long-run trend, autocorrelation and random noise. IMPORTANT: true_promo_uplift_pct is a structural coefficient applied per 10 percentage points of discount, and it compounds with the separate price response. It is NOT the average treatment effect and must not be compared directly against a DiD or PSM estimate. Use true_realised_att_pct for that comparison.",
SKU0092,Ambient Grocery,17.05,-0.5811,21.89,13.38,9.95,0.07,8.43,0.865,0.061,0.697,-13.15,"Latent demand includes category seasonality, store effect, price response, promotion effect, support-channel uplift, long-run trend, autocorrelation and random noise. IMPORTANT: true_promo_uplift_pct is a structural coefficient applied per 10 percentage points of discount, and it compounds with the separate price response. It is NOT the average treatment effect and must not be compared directly against a DiD or PSM estimate. Use true_realised_att_pct for that comparison.",72.782
SKU0093,Frozen,3.61,-0.9233,19.6,15.05,5.96,0.14,16.01,0.812,0.034,0.521,25.91,"Latent demand includes category seasonality, store effect, price response, promotion effect, support-channel uplift, long-run trend, autocorrelation and random noise. IMPORTANT: true_promo_uplift_pct is a structural coefficient applied per 10 percentage points of discount, and it compounds with the separate price response. It is NOT the average treatment effect and must not be compared directly against a DiD or PSM estimate. Use true_realised_att_pct for that comparison.",74.671
SKU0094,Health & Beauty,6.3,-0.5343,25.04,6.84,4.56,0.07,14.54,0.968,0.064,0.258,9.56,"Latent demand includes category seasonality, store effect, price response, promotion effect, support-channel uplift, long-run trend, autocorrelation and random noise. IMPORTANT: true_promo_uplift_pct is a structural coefficient applied per 10 percentage points of discount, and it compounds with the separate price response. It is NOT the average treatment effect and must not be compared directly against a DiD or PSM estimate. Use true_realised_att_pct for that comparison.",
SKU0095,Ambient Grocery,16.42,-0.5568,22.1,14.99,5.33,0.07,4.86,0.97,0.088,0.23,-3.95,"Latent demand includes category seasonality, store effect, price response, promotion effect, support-channel uplift, long-run trend, autocorrelation and random noise. IMPORTANT: true_promo_uplift_pct is a structural coefficient applied per 10 percentage points of discount, and it compounds with the separate price response. It is NOT the average treatment effect and must not be compared directly against a DiD or PSM estimate. Use true_realised_att_pct for that comparison.",73.504
SKU0096,Seasonal,7.219,-1.8423,26.31,6.76,9.07,0.24,11.04,0.824,0.092,0.662,1.94,"Latent demand includes category seasonality, store effect, price response, promotion effect, support-channel uplift, long-run trend, autocorrelation and random noise. IMPORTANT: true_promo_uplift_pct is a structural coefficient applied per 10 percentage points of discount, and it compounds with the separate price response. It is NOT the average treatment effect and must not be compared directly against a DiD or PSM estimate. Use true_realised_att_pct for that comparison.",119.138
SKU0097,Dairy & Eggs,15.938,-0.4624,8.86,15.27,7.4,0.14,17.75,0.906,0.028,0.309,1.96,"Latent demand includes category seasonality, store effect, price response, promotion effect, support-channel uplift, long-run trend, autocorrelation and random noise. IMPORTANT: true_promo_uplift_pct is a structural coefficient applied per 10 percentage points of discount, and it compounds with the separate price response. It is NOT the average treatment effect and must not be compared directly against a DiD or PSM estimate. Use true_realised_att_pct for that comparison.",40.734
SKU0098,Ambient Grocery,16.95,-1.1733,23.37,7.18,3.8,0.07,14.45,0.719,0.025,0.689,13.74,"Latent demand includes category seasonality, store effect, price response, promotion effect, support-channel uplift, long-run trend, autocorrelation and random noise. IMPORTANT: true_promo_uplift_pct is a structural coefficient applied per 10 percentage points of discount, and it compounds with the separate price response. It is NOT the average treatment effect and must not be compared directly against a DiD or PSM estimate. Use true_realised_att_pct for that comparison.",78.599
SKU0099,Household & Cleaning,7.682,-0.6095,22.33,13.81,5.58,0.07,16.59,0.79,0.042,0.688,9.78,"Latent demand includes category seasonality, store effect, price response, promotion effect, support-channel uplift, long-run trend, autocorrelation and random noise. IMPORTANT: true_promo_uplift_pct is a structural coefficient applied per 10 percentage points of discount, and it compounds with the separate price response. It is NOT the average treatment effect and must not be compared directly against a DiD or PSM estimate. Use true_realised_att_pct for that comparison.",78.516
SKU0100,Fresh Produce,24.976,-1.7574,38.68,7.87,10.62,0.24,12.19,0.9,0.093,0.409,-4.84,"Latent demand includes category seasonality, store effect, price response, promotion effect, support-channel uplift, long-run trend, autocorrelation and random noise. IMPORTANT: true_promo_uplift_pct is a structural coefficient applied per 10 percentage points of discount, and it compounds with the separate price response. It is NOT the average treatment effect and must not be compared directly against a DiD or PSM estimate. Use true_realised_att_pct for that comparison.",163.495
SKU0101,Frozen,6.177,-1.133,20.16,15.45,10.18,0.14,13.2,0.72,0.035,0.725,-6.7,"Latent demand includes category seasonality, store effect, price response, promotion effect, support-channel uplift, long-run trend, autocorrelation and random noise. IMPORTANT: true_promo_uplift_pct is a structural coefficient applied per 10 percentage points of discount, and it compounds with the separate price response. It is NOT the average treatment effect and must not be compared directly against a DiD or PSM estimate. Use true_realised_att_pct for that comparison.",87.85
SKU0102,Beverages,16.971,-0.6428,39.79,6.44,6.06,0.24,14.4,0.926,0.027,0.535,-19.44,"Latent demand includes category seasonality, store effect, price response, promotion effect, support-channel uplift, long-run trend, autocorrelation and random noise. IMPORTANT: true_promo_uplift_pct is a structural coefficient applied per 10 percentage points of discount, and it compounds with the separate price response. It is NOT the average treatment effect and must not be compared directly against a DiD or PSM estimate. Use true_realised_att_pct for that comparison.",101.708
SKU0103,Fresh Produce,13.474,-1.4379,32.44,8.88,3.43,0.24,4.2,0.973,0.08,0.713,-7.47,"Latent demand includes category seasonality, store effect, price response, promotion effect, support-channel uplift, long-run trend, autocorrelation and random noise. IMPORTANT: true_promo_uplift_pct is a structural coefficient applied per 10 percentage points of discount, and it compounds with the separate price response. It is NOT the average treatment effect and must not be compared directly against a DiD or PSM estimate. Use true_realised_att_pct for that comparison.",127.056
SKU0104,Household & Cleaning,6.682,-1.0387,18.12,10.3,7.93,0.07,8.27,0.924,0.084,0.682,-19.06,"Latent demand includes category seasonality, store effect, price response, promotion effect, support-channel uplift, long-run trend, autocorrelation and random noise. IMPORTANT: true_promo_uplift_pct is a structural coefficient applied per 10 percentage points of discount, and it compounds with the separate price response. It is NOT the average treatment effect and must not be compared directly against a DiD or PSM estimate. Use true_realised_att_pct for that comparison.",71.435
SKU0105,Ambient Grocery,15.7,-0.9528,19.14,8.68,3.3,0.07,13.62,0.865,0.078,0.248,1.89,"Latent demand includes category seasonality, store effect, price response, promotion effect, support-channel uplift, long-run trend, autocorrelation and random noise. IMPORTANT: true_promo_uplift_pct is a structural coefficient applied per 10 percentage points of discount, and it compounds with the separate price response. It is NOT the average treatment effect and must not be compared directly against a DiD or PSM estimate. Use true_realised_att_pct for that comparison.",74.764
SKU0106,Bakery,19.997,-0.6481,23.35,11.58,9.93,0.14,6.65,0.921,0.09,0.648,-0.25,"Latent demand includes category seasonality, store effect, price response, promotion effect, support-channel uplift, long-run trend, autocorrelation and random noise. IMPORTANT: true_promo_uplift_pct is a structural coefficient applied per 10 percentage points of discount, and it compounds with the separate price response. It is NOT the average treatment effect and must not be compared directly against a DiD or PSM estimate. Use true_realised_att_pct for that comparison.",71.806
SKU0107,Snacks & Confectionery,15.057,-0.6117,31.98,15.84,8.53,0.14,4.99,0.734,0.082,0.544,-3.43,"Latent demand includes category seasonality, store effect, price response, promotion effect, support-channel uplift, long-run trend, autocorrelation and random noise. IMPORTANT: true_promo_uplift_pct is a structural coefficient applied per 10 percentage points of discount, and it compounds with the separate price response. It is NOT the average treatment effect and must not be compared directly against a DiD or PSM estimate. Use true_realised_att_pct for that comparison.",91.764
SKU0108,Ambient Grocery,16.768,-1.0573,22.57,13.92,6.17,0.07,9.21,0.882,0.081,0.51,26.64,"Latent demand includes category seasonality, store effect, price response, promotion effect, support-channel uplift, long-run trend, autocorrelation and random noise. IMPORTANT: true_promo_uplift_pct is a structural coefficient applied per 10 percentage points of discount, and it compounds with the separate price response. It is NOT the average treatment effect and must not be compared directly against a DiD or PSM estimate. Use true_realised_att_pct for that comparison.",76.698
SKU0109,Beverages,28.336,-1.6552,36.07,14.46,9.64,0.24,3.94,0.926,0.061,0.241,-21.38,"Latent demand includes category seasonality, store effect, price response, promotion effect, support-channel uplift, long-run trend, autocorrelation and random noise. IMPORTANT: true_promo_uplift_pct is a structural coefficient applied per 10 percentage points of discount, and it compounds with the separate price response. It is NOT the average treatment effect and must not be compared directly against a DiD or PSM estimate. Use true_realised_att_pct for that comparison.",159.931
SKU0110,Beverages,17.497,-0.5854,35.91,12.28,9.35,0.24,7.5,0.761,0.048,0.426,8.48,"Latent demand includes category seasonality, store effect, price response, promotion effect, support-channel uplift, long-run trend, autocorrelation and random noise. IMPORTANT: true_promo_uplift_pct is a structural coefficient applied per 10 percentage points of discount, and it compounds with the separate price response. It is NOT the average treatment effect and must not be compared directly against a DiD or PSM estimate. Use true_realised_att_pct for that comparison.",90.262
SKU0111,Snacks & Confectionery,19.2,-1.7664,37.91,14.65,4.39,0.14,8.49,0.748,0.075,0.336,-0.3,"Latent demand includes category seasonality, store effect, price response, promotion effect, support-channel uplift, long-run trend, autocorrelation and random noise. IMPORTANT: true_promo_uplift_pct is a structural coefficient applied per 10 percentage points of discount, and it compounds with the separate price response. It is NOT the average treatment effect and must not be compared directly against a DiD or PSM estimate. Use true_realised_att_pct for that comparison.",150.156
SKU0112,Frozen,13.835,-1.0596,37.07,14.05,5.39,0.14,7.99,0.896,0.064,0.253,-9.0,"Latent demand includes category seasonality, store effect, price response, promotion effect, support-channel uplift, long-run trend, autocorrelation and random noise. IMPORTANT: true_promo_uplift_pct is a structural coefficient applied per 10 percentage points of discount, and it compounds with the separate price response. It is NOT the average treatment effect and must not be compared directly against a DiD or PSM estimate. Use true_realised_att_pct for that comparison.",117.989
SKU0113,Bakery,25.526,-1.1914,32.75,11.68,4.59,0.14,8.65,0.8,0.042,0.512,-2.37,"Latent demand includes category seasonality, store effect, price response, promotion effect, support-channel uplift, long-run trend, autocorrelation and random noise. IMPORTANT: true_promo_uplift_pct is a structural coefficient applied per 10 percentage points of discount, and it compounds with the separate price response. It is NOT the average treatment effect and must not be compared directly against a DiD or PSM estimate. Use true_realised_att_pct for that comparison.",117.474
SKU0114,Snacks & Confectionery,11.604,-1.6276,38.58,17.3,4.76,0.14,4.5,0.936,0.1,0.675,6.05,"Latent demand includes category seasonality, store effect, price response, promotion effect, support-channel uplift, long-run trend, autocorrelation and random noise. IMPORTANT: true_promo_uplift_pct is a structural coefficient applied per 10 percentage points of discount, and it compounds with the separate price response. It is NOT the average treatment effect and must not be compared directly against a DiD or PSM estimate. Use true_realised_att_pct for that comparison.",162.362
SKU0115,Fresh Produce,25.089,-1.3671,28.69,6.52,9.57,0.24,11.72,0.854,0.064,0.339,-14.37,"Latent demand includes category seasonality, store effect, price response, promotion effect, support-channel uplift, long-run trend, autocorrelation and random noise. IMPORTANT: true_promo_uplift_pct is a structural coefficient applied per 10 percentage points of discount, and it compounds with the separate price response. It is NOT the average treatment effect and must not be compared directly against a DiD or PSM estimate. Use true_realised_att_pct for that comparison.",119.937
SKU0116,Snacks & Confectionery,21.595,-0.5701,25.28,13.75,8.88,0.14,13.1,0.8,0.086,0.594,-7.42,"Latent demand includes category seasonality, store effect, price response, promotion effect, support-channel uplift, long-run trend, autocorrelation and random noise. IMPORTANT: true_promo_uplift_pct is a structural coefficient applied per 10 percentage points of discount, and it compounds with the separate price response. It is NOT the average treatment effect and must not be compared directly against a DiD or PSM estimate. Use true_realised_att_pct for that comparison.",76.986
SKU0117,Ambient Grocery,10.403,-0.4764,16.16,13.65,5.32,0.07,4.79,0.746,0.033,0.463,12.55,"Latent demand includes category seasonality, store effect, price response, promotion effect, support-channel uplift, long-run trend, autocorrelation and random noise. IMPORTANT: true_promo_uplift_pct is a structural coefficient applied per 10 percentage points of discount, and it compounds with the separate price response. It is NOT the average treatment effect and must not be compared directly against a DiD or PSM estimate. Use true_realised_att_pct for that comparison.",
SKU0118,Ambient Grocery,17.116,-1.0906,15.99,14.55,5.25,0.07,7.67,0.767,0.083,0.728,-7.32,"Latent demand includes category seasonality, store effect, price response, promotion effect, support-channel uplift, long-run trend, autocorrelation and random noise. IMPORTANT: true_promo_uplift_pct is a structural coefficient applied per 10 percentage points of discount, and it compounds with the separate price response. It is NOT the average treatment effect and must not be compared directly against a DiD or PSM estimate. Use true_realised_att_pct for that comparison.",80.513
SKU0119,Dairy & Eggs,13.51,-0.5485,25.45,9.13,4.26,0.14,15.64,0.725,0.097,0.524,0.04,"Latent demand includes category seasonality, store effect, price response, promotion effect, support-channel uplift, long-run trend, autocorrelation and random noise. IMPORTANT: true_promo_uplift_pct is a structural coefficient applied per 10 percentage points of discount, and it compounds with the separate price response. It is NOT the average treatment effect and must not be compared directly against a DiD or PSM estimate. Use true_realised_att_pct for that comparison.",67.265
SKU0120,Seasonal,13.813,-1.6605,37.93,6.33,9.22,0.24,4.75,0.952,0.062,0.234,-12.51,"Latent demand includes category seasonality, store effect, price response, promotion effect, support-channel uplift, long-run trend, autocorrelation and random noise. IMPORTANT: true_promo_uplift_pct is a structural coefficient applied per 10 percentage points of discount, and it compounds with the separate price response. It is NOT the average treatment effect and must not be compared directly against a DiD or PSM estimate. Use true_realised_att_pct for that comparison.",
SKU0121,Snacks & Confectionery,7.545,-1.8479,25.22,7.66,9.38,0.14,9.97,0.964,0.071,0.543,8.55,"Latent demand includes category seasonality, store effect, price response, promotion effect, support-channel uplift, long-run trend, autocorrelation and random noise. IMPORTANT: true_promo_uplift_pct is a structural coefficient applied per 10 percentage points of discount, and it compounds with the separate price response. It is NOT the average treatment effect and must not be compared directly against a DiD or PSM estimate. Use true_realised_att_pct for that comparison.",131.077
SKU0122,Ambient Grocery,11.726,-0.9715,15.6,17.53,3.84,0.07,10.94,0.782,0.041,0.527,-4.02,"Latent demand includes category seasonality, store effect, price response, promotion effect, support-channel uplift, long-run trend, autocorrelation and random noise. IMPORTANT: true_promo_uplift_pct is a structural coefficient applied per 10 percentage points of discount, and it compounds with the separate price response. It is NOT the average treatment effect and must not be compared directly against a DiD or PSM estimate. Use true_realised_att_pct for that comparison.",72.537
SKU0123,Bakery,11.259,-1.1626,36.85,16.43,5.34,0.14,9.99,0.703,0.08,0.366,-8.74,"Latent demand includes category seasonality, store effect, price response, promotion effect, support-channel uplift, long-run trend, autocorrelation and random noise. IMPORTANT: true_promo_uplift_pct is a structural coefficient applied per 10 percentage points of discount, and it compounds with the separate price response. It is NOT the average treatment effect and must not be compared directly against a DiD or PSM estimate. Use true_realised_att_pct for that comparison.",124.8
SKU0124,Beverages,18.736,-1.6865,27.42,15.83,9.54,0.24,16.16,0.714,0.099,0.336,1.2,"Latent demand includes category seasonality, store effect, price response, promotion effect, support-channel uplift, long-run trend, autocorrelation and random noise. IMPORTANT: true_promo_uplift_pct is a structural coefficient applied per 10 percentage points of discount, and it compounds with the separate price response. It is NOT the average treatment effect and must not be compared directly against a DiD or PSM estimate. Use true_realised_att_pct for that comparison.",125.313
SKU0125,Snacks & Confectionery,21.488,-0.5123,28.66,9.21,7.42,0.14,6.6,0.818,0.072,0.66,-8.65,"Latent demand includes category seasonality, store effect, price response, promotion effect, support-channel uplift, long-run trend, autocorrelation and random noise. IMPORTANT: true_promo_uplift_pct is a structural coefficient applied per 10 percentage points of discount, and it compounds with the separate price response. It is NOT the average treatment effect and must not be compared directly against a DiD or PSM estimate. Use true_realised_att_pct for that comparison.",84.438
SKU0126,Health & Beauty,7.798,-0.5882,34.01,7.77,9.53,0.07,3.56,0.779,0.025,0.567,12.28,"Latent demand includes category seasonality, store effect, price response, promotion effect, support-channel uplift, long-run trend, autocorrelation and random noise. IMPORTANT: true_promo_uplift_pct is a structural coefficient applied per 10 percentage points of discount, and it compounds with the separate price response. It is NOT the average treatment effect and must not be compared directly against a DiD or PSM estimate. Use true_realised_att_pct for that comparison.",95.599
SKU0127,Ambient Grocery,8.535,-1.0002,20.27,10.16,6.65,0.07,9.87,0.714,0.054,0.553,6.79,"Latent demand includes category seasonality, store effect, price response, promotion effect, support-channel uplift, long-run trend, autocorrelation and random noise. IMPORTANT: true_promo_uplift_pct is a structural coefficient applied per 10 percentage points of discount, and it compounds with the separate price response. It is NOT the average treatment effect and must not be compared directly against a DiD or PSM estimate. Use true_realised_att_pct for that comparison.",73.794
SKU0128,Ambient Grocery,13.394,-1.0674,15.08,14.02,5.47,0.07,3.22,0.747,0.06,0.371,-28.16,"Latent demand includes category seasonality, store effect, price response, promotion effect, support-channel uplift, long-run trend, autocorrelation and random noise. IMPORTANT: true_promo_uplift_pct is a structural coefficient applied per 10 percentage points of discount, and it compounds with the separate price response. It is NOT the average treatment effect and must not be compared directly against a DiD or PSM estimate. Use true_realised_att_pct for that comparison.",73.539
SKU0129,Fresh Produce,20.499,-1.7655,28.53,15.27,5.29,0.24,12.31,0.94,0.051,0.226,-16.43,"Latent demand includes category seasonality, store effect, price response, promotion effect, support-channel uplift, long-run trend, autocorrelation and random noise. IMPORTANT: true_promo_uplift_pct is a structural coefficient applied per 10 percentage points of discount, and it compounds with the separate price response. It is NOT the average treatment effect and must not be compared directly against a DiD or PSM estimate. Use true_realised_att_pct for that comparison.",146.42
SKU0130,Fresh Produce,22.613,-1.6711,40.23,17.63,4.77,0.24,14.34,0.803,0.033,0.566,-5.68,"Latent demand includes category seasonality, store effect, price response, promotion effect, support-channel uplift, long-run trend, autocorrelation and random noise. IMPORTANT: true_promo_uplift_pct is a structural coefficient applied per 10 percentage points of discount, and it compounds with the separate price response. It is NOT the average treatment effect and must not be compared directly against a DiD or PSM estimate. Use true_realised_att_pct for that comparison.",176.122
SKU0131,Beverages,6.633,-0.5502,33.16,15.93,5.69,0.24,13.01,0.81,0.023,0.408,0.38,"Latent demand includes category seasonality, store effect, price response, promotion effect, support-channel uplift, long-run trend, autocorrelation and random noise. IMPORTANT: true_promo_uplift_pct is a structural coefficient applied per 10 percentage points of discount, and it compounds with the separate price response. It is NOT the average treatment effect and must not be compared directly against a DiD or PSM estimate. Use true_realised_att_pct for that comparison.",75.235
SKU0132,Ambient Grocery,17.715,-1.2201,32.29,7.3,8.5,0.07,17.45,0.972,0.066,0.407,-7.42,"Latent demand includes category seasonality, store effect, price response, promotion effect, support-channel uplift, long-run trend, autocorrelation and random noise. IMPORTANT: true_promo_uplift_pct is a structural coefficient applied per 10 percentage points of discount, and it compounds with the separate price response. It is NOT the average treatment effect and must not be compared directly against a DiD or PSM estimate. Use true_realised_att_pct for that comparison.",102.1
SKU0133,Frozen,3.621,-1.0805,37.45,16.33,9.55,0.14,9.83,0.736,0.066,0.286,17.08,"Latent demand includes category seasonality, store effect, price response, promotion effect, support-channel uplift, long-run trend, autocorrelation and random noise. IMPORTANT: true_promo_uplift_pct is a structural coefficient applied per 10 percentage points of discount, and it compounds with the separate price response. It is NOT the average treatment effect and must not be compared directly against a DiD or PSM estimate. Use true_realised_att_pct for that comparison.",126.613
SKU0134,Frozen,13.266,-0.884,32.53,13.86,9.83,0.14,14.74,0.957,0.081,0.587,0.46,"Latent demand includes category seasonality, store effect, price response, promotion effect, support-channel uplift, long-run trend, autocorrelation and random noise. IMPORTANT: true_promo_uplift_pct is a structural coefficient applied per 10 percentage points of discount, and it compounds with the separate price response. It is NOT the average treatment effect and must not be compared directly against a DiD or PSM estimate. Use true_realised_att_pct for that comparison.",109.024
SKU0135,Seasonal,5.535,-1.359,34.5,7.45,3.47,0.24,5.35,0.947,0.08,0.722,21.0,"Latent demand includes category seasonality, store effect, price response, promotion effect, support-channel uplift, long-run trend, autocorrelation and random noise. IMPORTANT: true_promo_uplift_pct is a structural coefficient applied per 10 percentage points of discount, and it compounds with the separate price response. It is NOT the average treatment effect and must not be compared directly against a DiD or PSM estimate. Use true_realised_att_pct for that comparison.",130.785
SKU0136,Ambient Grocery,4.961,-1.2311,22.44,7.6,10.03,0.07,15.58,0.961,0.032,0.264,5.0,"Latent demand includes category seasonality, store effect, price response, promotion effect, support-channel uplift, long-run trend, autocorrelation and random noise. IMPORTANT: true_promo_uplift_pct is a structural coefficient applied per 10 percentage points of discount, and it compounds with the separate price response. It is NOT the average treatment effect and must not be compared directly against a DiD or PSM estimate. Use true_realised_att_pct for that comparison.",
SKU0137,Beverages,13.673,-1.2102,27.49,10.42,6.65,0.24,4.87,0.706,0.1,0.682,-6.11,"Latent demand includes category seasonality, store effect, price response, promotion effect, support-channel uplift, long-run trend, autocorrelation and random noise. IMPORTANT: true_promo_uplift_pct is a structural coefficient applied per 10 percentage points of discount, and it compounds with the separate price response. It is NOT the average treatment effect and must not be compared directly against a DiD or PSM estimate. Use true_realised_att_pct for that comparison.",113.918
SKU0138,Dairy & Eggs,12.447,-0.6316,16.96,8.64,6.41,0.14,9.8,0.702,0.082,0.748,-0.1,"Latent demand includes category seasonality, store effect, price response, promotion effect, support-channel uplift, long-run trend, autocorrelation and random noise. IMPORTANT: true_promo_uplift_pct is a structural coefficient applied per 10 percentage points of discount, and it compounds with the separate price response. It is NOT the average treatment effect and must not be compared directly against a DiD or PSM estimate. Use true_realised_att_pct for that comparison.",
SKU0139,Health & Beauty,8.434,-1.0608,7.95,10.71,3.77,0.07,6.99,0.851,0.055,0.5,-23.7,"Latent demand includes category seasonality, store effect, price response, promotion effect, support-channel uplift, long-run trend, autocorrelation and random noise. IMPORTANT: true_promo_uplift_pct is a structural coefficient applied per 10 percentage points of discount, and it compounds with the separate price response. It is NOT the average treatment effect and must not be compared directly against a DiD or PSM estimate. Use true_realised_att_pct for that comparison.",
SKU0140,Snacks & Confectionery,13.284,-1.8573,28.29,6.33,3.31,0.14,5.01,0.871,0.085,0.688,3.96,"Latent demand includes category seasonality, store effect, price response, promotion effect, support-channel uplift, long-run trend, autocorrelation and random noise. IMPORTANT: true_promo_uplift_pct is a structural coefficient applied per 10 percentage points of discount, and it compounds with the separate price response. It is NOT the average treatment effect and must not be compared directly against a DiD or PSM estimate. Use true_realised_att_pct for that comparison.",135.185
SKU0141,Dairy & Eggs,11.34,-0.5768,18.03,7.85,6.21,0.14,7.99,0.961,0.059,0.324,24.48,"Latent demand includes category seasonality, store effect, price response, promotion effect, support-channel uplift, long-run trend, autocorrelation and random noise. IMPORTANT: true_promo_uplift_pct is a structural coefficient applied per 10 percentage points of discount, and it compounds with the separate price response. It is NOT the average treatment effect and must not be compared directly against a DiD or PSM estimate. Use true_realised_att_pct for that comparison.",57.044
SKU0142,Ambient Grocery,11.762,-0.5082,15.63,17.02,3.4,0.07,3.19,0.755,0.085,0.488,-3.14,"Latent demand includes category seasonality, store effect, price response, promotion effect, support-channel uplift, long-run trend, autocorrelation and random noise. IMPORTANT: true_promo_uplift_pct is a structural coefficient applied per 10 percentage points of discount, and it compounds with the separate price response. It is NOT the average treatment effect and must not be compared directly against a DiD or PSM estimate. Use true_realised_att_pct for that comparison.",
SKU0143,Fresh Produce,33.052,-1.0976,30.34,6.82,9.85,0.24,5.88,0.71,0.066,0.246,5.21,"Latent demand includes category seasonality, store effect, price response, promotion effect, support-channel uplift, long-run trend, autocorrelation and random noise. IMPORTANT: true_promo_uplift_pct is a structural coefficient applied per 10 percentage points of discount, and it compounds with the separate price response. It is NOT the average treatment effect and must not be compared directly against a DiD or PSM estimate. Use true_realised_att_pct for that comparison.",99.947
SKU0144,Beverages,9.307,-0.47,37.21,11.9,4.93,0.24,8.23,0.919,0.025,0.264,-22.51,"Latent demand includes category seasonality, store effect, price response, promotion effect, support-channel uplift, long-run trend, autocorrelation and random noise. IMPORTANT: true_promo_uplift_pct is a structural coefficient applied per 10 percentage points of discount, and it compounds with the separate price response. It is NOT the average treatment effect and must not be compared directly against a DiD or PSM estimate. Use true_realised_att_pct for that comparison.",
SKU0145,Dairy & Eggs,22.42,-0.573,19.86,17.67,6.0,0.14,3.98,0.861,0.071,0.277,-24.35,"Latent demand includes category seasonality, store effect, price response, promotion effect, support-channel uplift, long-run trend, autocorrelation and random noise. IMPORTANT: true_promo_uplift_pct is a structural coefficient applied per 10 percentage points of discount, and it compounds with the separate price response. It is NOT the average treatment effect and must not be compared directly against a DiD or PSM estimate. Use true_realised_att_pct for that comparison.",
SKU0146,Snacks & Confectionery,8.939,-1.6814,27.87,16.14,9.68,0.14,9.44,0.99,0.098,0.271,-4.16,"Latent demand includes category seasonality, store effect, price response, promotion effect, support-channel uplift, long-run trend, autocorrelation and random noise. IMPORTANT: true_promo_uplift_pct is a structural coefficient applied per 10 percentage points of discount, and it compounds with the separate price response. It is NOT the average treatment effect and must not be compared directly against a DiD or PSM estimate. Use true_realised_att_pct for that comparison.",122.14
SKU0147,Ambient Grocery,13.475,-1.0,19.8,7.02,6.06,0.07,6.92,0.986,0.053,0.619,9.76,"Latent demand includes category seasonality, store effect, price response, promotion effect, support-channel uplift, long-run trend, autocorrelation and random noise. IMPORTANT: true_promo_uplift_pct is a structural coefficient applied per 10 percentage points of discount, and it compounds with the separate price response. It is NOT the average treatment effect and must not be compared directly against a DiD or PSM estimate. Use true_realised_att_pct for that comparison.",73.42
SKU0148,Fresh Produce,32.334,-1.0072,26.84,16.36,3.0,0.24,3.84,0.809,0.075,0.388,0.81,"Latent demand includes category seasonality, store effect, price response, promotion effect, support-channel uplift, long-run trend, autocorrelation and random noise. IMPORTANT: true_promo_uplift_pct is a structural coefficient applied per 10 percentage points of discount, and it compounds with the separate price response. It is NOT the average treatment effect and must not be compared directly against a DiD or PSM estimate. Use true_realised_att_pct for that comparison.",100.682
SKU0149,Bakery,13.139,-0.8861,17.26,8.94,3.04,0.14,11.02,0.735,0.043,0.553,12.75,"Latent demand includes category seasonality, store effect, price response, promotion effect, support-channel uplift, long-run trend, autocorrelation and random noise. IMPORTANT: true_promo_uplift_pct is a structural coefficient applied per 10 percentage points of discount, and it compounds with the separate price response. It is NOT the average treatment effect and must not be compared directly against a DiD or PSM estimate. Use true_realised_att_pct for that comparison.",66.103
SKU0150,Beverages,19.678,-1.7837,28.88,9.95,4.98,0.24,17.35,0.757,0.035,0.445,-30.58,"Latent demand includes category seasonality, store effect, price response, promotion effect, support-channel uplift, long-run trend, autocorrelation and random noise. IMPORTANT: true_promo_uplift_pct is a structural coefficient applied per 10 percentage points of discount, and it compounds with the separate price response. It is NOT the average treatment effect and must not be compared directly against a DiD or PSM estimate. Use true_realised_att_pct for that comparison.",145.07
